date,cpu_utilization_mean,cpu_utilization_std,cpu_utilization_min,cpu_utilization_max,memory_used_gb_mean,memory_used_gb_std,memory_used_gb_min,memory_used_gb_max,disk_read_bytes_sum,disk_read_bytes_mean,disk_write_bytes_sum,disk_write_bytes_mean,ingress_bytes_sum,ingress_bytes_mean,egress_bytes_sum,egress_bytes_mean,network_total_bytes_sum,network_total_bytes_mean,disk_total_bytes_sum,disk_total_bytes_mean,uptime_fraction_mean,uptime_fraction_min,uptime_fraction_max,cost_usd_sum,cost_usd_mean,cost_usd_max,cost_per_cpu_mean,instance_id_nunique
2025-01-01,0.0717595,0.0391685072822825,0.029325,0.145438,11.119060218334198,1.5666314170346345,9.117648005485536,14.062970876693726,398134,39813.4,999156,99915.6,34054.307,3405.4307,10647.1648,1064.71648,44701.4718,4470.14718,1397290,139729.0,0.394169,0.183827,0.624752,1.899894,0.1899894,0.512793,3.1417297796014285,5
2025-01-02,0.0737767,0.0411107897165965,0.025868,0.130364,11.327676475048063,1.7514260508510668,9.248033165931702,13.783574104309082,341870,34187.0,153552,15355.2,41554.917,4155.4917000000005,10363.903,1036.3903,51918.82,5191.882,495422,49542.2,0.3911638,0.178134,0.616066,2.251582,0.2251582,0.535705,3.776491569704546,5
2025-01-03,0.0728901999999999,0.0355532977648425,0.031559,0.1294,11.071562767028809,1.4256287890677075,9.201467037200928,13.783574104309082,385131,38513.1,119527,11952.7,34107.381,3410.7381,9073.1177,907.31177,43180.4987,4318.04987,504658,50465.8,0.433232,0.201842,0.646264,1.672087,0.1672087,0.493557,3.087584846797513,5
2025-01-04,0.0310406999999999,0.0047068639252809,0.02392,0.038877,9.6149742603302,0.3168383185226321,9.238719940185549,10.151416063308716,264535,26453.5,946270,94627.0,37289.989,3728.9989,8335.9519,833.59519,45625.9409,4562.5940900000005,1210805,121080.5,0.3916266,0.24396,0.628887,2.049867,0.2049867,0.517978,6.389813315763797,5
2025-01-05,0.0319062,0.0066867318507956,0.020803,0.039847,9.70158725976944,0.3459723740093479,9.12696123123169,10.151416063308716,246583,24658.3,144723,14472.3,37895.091,3789.5091,7633.7831,763.3783099999999,45528.8741,4552.88741,391306,39130.6,0.4599132,0.276862,0.631359,1.894322,0.1894322,0.548962,6.278485313513996,5
2025-01-06,0.0885229,0.0491782508578063,0.034869,0.156412,11.9674950838089,1.769376728259396,9.685754776000977,14.901161193847656,353497,35349.7,142812,14281.2,33291.747,3329.1747000000005,9000.1268,900.01268,42291.8738,4229.18738,496309,49630.9,0.293655,0.186998,0.5779,2.094821,0.2094821,0.530171,2.575918219478239,5
2025-01-07,0.0829708,0.0496166068162218,0.029946,0.155289,11.548399925231934,1.8688436527168268,9.49949026107788,14.34236764907837,350926,35092.6,140265,14026.5,37167.399,3716.7399,8486.1019,848.61019,45653.5009,4565.35009,491191,49119.1,0.4359769,0.192614,0.62013,1.704384,0.1704384,0.499386,2.72919098624313,5
2025-01-08,0.07717,0.0386923148671383,0.032377,0.133745,11.567026376724243,1.4373110007355718,9.872019290924072,13.504177331924438,369838,36983.8,993406,99340.6,44987.864,4498.7864,9821.4345,982.14345,54809.2985,5480.92985,1363244,136324.4,0.3667819,0.172703,0.617896,2.14578,0.214578,0.539535,3.3133723288067984,5
2025-01-09,0.0705391,0.0373310546341782,0.032222,0.124365,11.241063475608826,1.3589014460869893,9.872019290924072,13.317912817001345,376015,37601.5,127881,12788.1,26222.4888,2622.24888,11924.205,1192.4205,38146.6938,3814.66938,503896,50389.6,0.4599662,0.229204,0.630098,1.819885,0.1819885,0.546414,3.070535913298002,5
2025-01-10,0.080362,0.048951862220848,0.025103,0.15728,11.48320734500885,1.9041188088766856,9.49949026107788,14.34236764907837,339762,33976.2,968629,96862.9,37231.9248,3723.19248,11876.0643,1187.60643,49107.9891,4910.79891,1308391,130839.1,0.3639189,0.172346,0.638479,2.107135,0.2107135,0.510324,3.0827410528606327,5
2025-01-11,0.0320368,0.0041686259606733,0.02229,0.037097,9.657815098762512,0.1965853099895959,9.313225746154783,9.96515154838562,240250,24025.0,1000179,100017.9,45328.318,4532.8318,12612.5872,1261.25872,57940.9052,5794.09052,1240429,124042.9,0.4462794,0.205979,0.647915,1.751808,0.1751808,0.513188,5.504013872917563,5
2025-01-12,0.0293104,0.0053841637584473,0.021029,0.037704,9.566545486450195,0.2682323990523936,9.238719940185549,10.244548320770264,259033,25903.3,1856819,185681.9,36222.567,3622.2567,9832.8974,983.28974,46055.4644,4605.54644,2115852,211585.2,0.4285963,0.208676,0.648888,1.971738,0.1971738,0.540585,6.745699251671212,5
2025-01-13,0.0709585,0.0475842340212479,0.028641,0.154334,11.222437024116516,1.930358101473565,9.406358003616331,14.621764421463013,346401,34640.1,1858634,185863.4,41887.166,4188.7166,10583.2187,1058.3218700000002,52470.3847,5247.03847,2205035,220503.5,0.4139415999999999,0.249095,0.607962,1.75097,0.175097,0.541298,3.752963439024364,5
2025-01-14,0.0773771,0.0427953231438774,0.029884,0.144714,11.445954442024233,1.582609104842753,9.685754776000977,13.783574104309082,355320,35532.0,146528,14652.8,30465.7114,3046.57114,9387.1091,938.71091,39852.8205,3985.28205,501848,50184.8,0.4003059,0.173154,0.639329,2.162614,0.2162614,0.523998,3.181858500436701,5
2025-01-15,0.0705668,0.034867054834678,0.031066,0.127384,11.11067831516266,1.4914413712360544,9.592622518539429,13.597309589385986,379313,37931.3,1024317,102431.7,32412.541,3241.2541,9921.3896,992.13896,42333.9306,4233.39306,1403630,140363.0,0.3913225999999999,0.192779,0.610162,1.679076,0.1679076,0.51682,2.6952366589970955,5
2025-01-16,0.0632945,0.0309974396263447,0.035141,0.10993,10.85922122001648,1.2419186435496763,9.313225746154783,12.759119272232056,375922,37592.2,2666813,266681.3,38040.7798,3804.077980000001,12182.3697,1218.23697,50223.1495,5022.31495,3042735,304273.5,0.4027796,0.278528,0.591377,2.281789,0.2281789,0.532113,3.9350582464120736,5
2025-01-17,0.0794623,0.0453101738539787,0.029074,0.139221,11.53908669948578,1.800262569948309,9.49949026107788,14.062970876693726,364715,36471.5,899937,89993.7,28089.753,2808.9753,14896.9663,1489.69663,42986.7193,4298.67193,1264652,126465.2,0.4106467,0.191883,0.590468,1.701146,0.1701146,0.486343,2.92145611146458,5
2025-01-18,0.0308172,0.0035939926976986,0.02519,0.037346,9.38214361667633,0.2428671511840767,9.033828973770142,9.778887033462524,274158,27415.8,1087319,108731.9,36575.453,3657.5453,11548.1183,1154.81183,48123.5713,4812.357129999999,1361477,136147.7,0.3377453,0.182012,0.533989,2.122553,0.2122552999999999,0.48614,6.665854152173226,5
2025-01-19,0.031502,0.0065546938228349,0.020812,0.03885,9.649433195590971,0.2139318208509205,9.229406714439392,9.96515154838562,241960,24196.0,1840678,184067.8,36239.299,3623.9299,9835.8246,983.58246,46075.1236,4607.51236,2082638,208263.8,0.4142479,0.20491,0.645776,1.730763,0.1730763,0.542765,5.59596637839975,5
2025-01-20,0.072208,0.0439753711828185,0.031959,0.159398,11.203810572624208,1.762172351254249,9.406358003616331,14.528632164001465,375496,37549.6,111554,11155.4,43864.451,4386.4451,10758.04,1075.804,54622.491,5462.2491,487050,48705.0,0.4252342999999999,0.179048,0.605796,2.239124,0.2239123999999999,0.529993,3.6046665150831623,5
2025-01-21,0.075451,0.0477803555705108,0.027261,0.156528,11.418014764785768,1.895062819375063,9.592622518539429,14.901161193847656,344984,34498.4,2649388,264938.8,34001.887,3400.1887,12942.1158,1294.21158,46944.0028,4694.40028,2994372,299437.2,0.4336916,0.182438,0.595859,1.708951,0.1708951,0.516653,3.3960262938472376,5
2025-01-22,0.0840374,0.0471409455903841,0.037944,0.15162,11.650845408439636,1.7694856599056386,9.592622518539429,14.062970876693726,395833,39583.3,946865,94686.5,42999.613,4299.9613,9733.6896,973.36896,52733.3026,5273.33026,1342698,134269.8,0.4436339,0.174434,0.639569,2.031236,0.2031236,0.532772,2.6527779016605764,5
2025-01-23,0.0777716,0.0429138142254656,0.031493,0.14056,11.362135410308838,1.701487800236135,9.49949026107788,13.783574104309082,382068,38206.8,135865,13586.5,36595.713,3659.5713,11941.6365,1194.16365,48537.3495,4853.73495,517933,51793.3,0.4558683,0.279343,0.630553,1.844003,0.1844003,0.540074,3.072521887876235,5
2025-01-24,0.0808127,0.0494521738159428,0.032299,0.159786,11.46458089351654,1.8592530812101835,9.685754776000977,14.24923539161682,366053,36605.3,125405,12540.5,43056.787,4305.6787,12783.4639,1278.34639,55840.2509,5584.02509,491458,49145.8,0.5285434,0.2431,0.649532,2.307113,0.2307113,0.541595,3.644769851950432,5
2025-01-25,0.0294663,0.0052416560370851,0.022275,0.039951,9.60472971200943,0.379349329009799,9.061768651008606,10.244548320770264,272363,27236.3,109229,10922.9,29657.0522,2965.70522,12989.5578,1298.95578,42646.61,4264.661,381592,38159.2,0.3805006999999999,0.179771,0.614239,1.825456,0.1825456,0.539814,6.803950648330546,5
2025-01-26,0.0291685,0.00694453201767,0.020331,0.039425,9.574927389621736,0.3511263143705765,9.08970832824707,10.151416063308716,256199,25619.9,1078839,107883.9,38341.5143,3834.15143,9574.8838,957.48838,47916.3981,4791.63981,1335038,133503.8,0.3843814,0.174819,0.621801,2.114357,0.2114357,0.544922,8.100441068489872,5
2025-01-27,0.0773379999999999,0.0429739574884862,0.025595,0.140794,11.46458089351654,1.6211137198168486,9.592622518539429,14.062970876693726,370356,37035.6,138175,13817.5,44553.481,4455.3481,8990.0697,899.00697,53543.5507,5354.35507,508531,50853.1,0.3589592,0.173733,0.622309,1.732881,0.1732881,0.521207,2.6636125867843257,5
2025-01-28,0.0722153,0.0430977989668717,0.02654,0.129764,11.379830539226532,1.7512411545821054,9.210780262947084,13.690441846847534,350797,35079.7,141175,14117.5,25385.644,2538.5644,12366.3608,1236.63608,37752.0048,3775.20048,491972,49197.2,0.3285277,0.171118,0.629976,1.924977,0.1924977,0.502582,2.835896693034974,5
2025-01-29,0.0792466,0.0527884769837761,0.027044,0.158682,11.43384724855423,2.1819291053140546,9.192153811454771,14.621764421463013,367224,36722.4,1022159,102215.9,49006.107,4900.6107,12724.0362,1272.40362,61730.1432,6173.01432,1389383,138938.3,0.5020989,0.337081,0.595976,1.850763,0.1850763,0.497633,3.670438146427575,5
2025-01-30,0.069369,0.0366217048544226,0.032283,0.119354,10.933727025985718,1.5184334844259932,9.313225746154783,13.131648302078249,350344,35034.4,953913,95391.3,33532.7366,3353.27366,8768.8284,876.88284,42301.565,4230.1565,1304257,130425.7,0.3823335,0.183663,0.640995,2.06885,0.2068849999999999,0.501083,3.655818160335283,5
2025-01-31,0.0719056999999999,0.0450532110362599,0.026315,0.152718,11.138617992401125,1.8155880861202265,9.220093488693236,14.621764421463013,379237,37923.7,971115,97111.5,40984.046,4098.4046,9133.739,913.3739,50117.785,5011.778499999999,1350352,135035.2,0.3989892,0.281925,0.635728,1.823764,0.1823764,0.523947,3.2477855103435664,5
2025-02-01,0.0290140999999999,0.0058871533670074,0.021615,0.039423,9.476207196712494,0.2980313081646536,9.192153811454771,10.058283805847168,267014,26701.4,126401,12640.1,37992.7366,3799.27366,8970.4171,897.0417100000001,46963.1537,4696.315369999999,393415,39341.5,0.5207099000000001,0.282829,0.641901,2.051594,0.2051594,0.538765,7.389371611064196,5
2025-02-02,0.0330841,0.0069704269030749,0.020863,0.039707,9.641051292419434,0.4523880699284943,8.931383490562439,10.337680578231812,263014,26301.4,143841,14384.1,44817.6355,4481.763550000001,12206.0924,1220.60924,57023.7279,5702.372789999999,406855,40685.5,0.4391305,0.286187,0.623628,1.687132,0.1687132,0.515686,4.531762730449776,5
2025-02-03,0.0656716,0.0356643218737032,0.027596,0.149483,11.101365089416504,1.5086275883999904,9.49949026107788,14.621764421463013,377131,37713.1,130303,13030.3,36435.573,3643.5573,12805.4804,1280.54804,49241.0534,4924.10534,507434,50743.4,0.4383734999999999,0.235394,0.563106,2.171508,0.2171508,0.548073,3.7958085037135554,5
2025-02-04,0.0799383999999999,0.0505586076091675,0.026352,0.15275,11.603347957134249,2.085212780715324,9.117648005485536,14.621764421463013,367964,36796.4,124238,12423.8,31956.946,3195.6946,9202.7367,920.27367,41159.6827,4115.968269999999,492202,49220.2,0.3963455999999999,0.195387,0.645058,1.680907,0.1680906999999999,0.519072,3.617251685335965,5
2025-02-05,0.068531,0.0343861275645992,0.032605,0.128532,11.045485734939575,1.28238756046135,9.778887033462524,13.41104507446289,375723,37572.3,137283,13728.3,40664.299,4066.4299,12788.4321,1278.84321,53452.7311,5345.27311,513006,51300.6,0.3453301,0.177679,0.612492,2.245449,0.2245449,0.546248,3.875933531049634,5
2025-02-06,0.0723966,0.0430480623185037,0.03519,0.150712,11.129304766654968,1.655118572533916,9.685754776000977,14.528632164001465,376661,37666.1,127596,12759.6,41911.584,4191.1584,6010.8965,601.08965,47922.4805,4792.24805,504257,50425.7,0.3058358,0.192155,0.516341,1.694998,0.1694998,0.531382,3.010704683699065,5
2025-02-07,0.0720304,0.0323998290571622,0.034729,0.120317,11.32488250732422,1.248111245613616,9.685754776000977,13.131648302078249,333343,33334.3,2708576,270857.6,36392.4988,3639.24988,15084.9715,1508.49715,51477.4703,5147.74703,3041919,304191.9,0.4251311999999999,0.265654,0.619203,2.167097,0.2167097,0.528924,3.256042297295911,5
2025-02-08,0.0283310999999999,0.0058805345080188,0.020576,0.038048,9.41939651966095,0.3150997649678544,8.950009942054749,9.96515154838562,239862,23986.2,2728359,272835.9,34852.187,3485.2187,12149.7771,1214.97771,47001.9641,4700.19641,2968221,296822.1,0.3923515999999999,0.252376,0.558636,1.701743,0.1701743,0.506328,5.34508452167655,5
2025-02-09,0.030441,0.0059752521471668,0.023057,0.039368,9.534880518913267,0.3960719270575881,8.931383490562439,10.151416063308716,256971,25697.1,145541,14554.1,39059.824,3905.9824,10677.316,1067.7316,49737.14,4973.714,402512,40251.2,0.4348593,0.29486,0.59455,2.168946,0.2168946,0.501014,6.675214001757841,5
2025-02-10,0.0765979,0.0453806832435955,0.031959,0.140191,11.399388313293455,1.8776924911700577,9.685754776000977,14.24923539161682,385659,38565.9,1045651,104565.1,40216.501,4021.6501,9131.5326,913.1532599999998,49348.0336,4934.80336,1431310,143131.0,0.4862518999999999,0.2633,0.647842,1.965903,0.1965903,0.531913,3.211995962199733,5
2025-02-11,0.0810548,0.0501831274606648,0.025043,0.150504,11.701136827468872,2.113111427781608,9.257346391677856,14.528632164001465,348824,34882.4,929590,92959.0,32118.6692,3211.86692,13396.4354,1339.64354,45515.104600000006,4551.51046,1278414,127841.4,0.3494652,0.212273,0.549159,2.159276,0.2159276,0.534552,3.6575725155579137,5
2025-02-12,0.089848,0.0545727929161287,0.02943,0.151042,11.93024218082428,2.116218656067235,9.592622518539429,14.621764421463013,408204,40820.4,1012850,101285.0,28659.695,2865.9695,9242.7607,924.27607,37902.4557,3790.24557,1421054,142105.4,0.495783,0.210566,0.64049,1.675256,0.1675256,0.498899,2.9284374435880114,5
2025-02-13,0.0683917,0.0371618115754152,0.033743,0.149333,11.07342541217804,1.518592148754325,9.313225746154783,14.528632164001465,349199,34919.9,126398,12639.8,39060.105,3906.0105,11917.0179,1191.70179,50977.1229,5097.71229,475597,47559.7,0.3776308,0.223341,0.590439,2.322391,0.2322391,0.54681,3.63028041072026,5
2025-02-14,0.0793987999999999,0.0532153359407688,0.025837,0.154309,11.467374861240389,2.184118786705465,8.996576070785522,14.808028936386108,376219,37621.9,145121,14512.1,28386.694,2838.6694,13317.0032,1331.70032,41703.6972,4170.369720000001,521340,52134.0,0.3392253,0.195397,0.617725,1.836663,0.1836663,0.532106,3.1682150858546465,5
2025-02-15,0.0275565999999999,0.0053363508380415,0.02018,0.03444,9.403564035892488,0.342275652770636,9.07108187675476,10.151416063308716,268805,26880.5,3544750,354475.0,30940.89,3094.089,12515.3252,1251.53252,43456.2152,4345.62152,3813555,381355.5,0.4921175,0.310273,0.625136,2.128056,0.2128055999999999,0.545721,7.450072941572726,5
2025-02-16,0.0313422,0.0060127789249231,0.023067,0.039077,9.634532034397123,0.3375464436746758,8.89413058757782,10.058283805847168,256480,25648.0,981153,98115.3,37298.772,3729.8772,11042.7244,1104.2724400000002,48341.4964,4834.1496400000005,1237633,123763.3,0.4441531999999999,0.212485,0.629394,1.774206,0.1774205999999999,0.505443,5.459665528768452,5
2025-02-17,0.0695814999999999,0.0394759222290415,0.02918,0.125462,11.147931218147278,1.5107023133961162,9.406358003616331,13.504177331924438,362196,36219.6,1896604,189660.4,47819.653,4781.9653,8524.188,852.4188,56343.841,5634.3841,2258800,225880.0,0.4739675,0.346224,0.61072,2.106331,0.2106331,0.531868,3.889786273288249,5
2025-02-18,0.0843701,0.0464202198938015,0.034492,0.152524,11.71603798866272,1.863576239091272,9.96515154838562,14.71489667892456,350724,35072.4,997476,99747.6,35402.753,3540.2753,7169.531499999999,716.9531499999999,42572.2845,4257.2284500000005,1348200,134820.0,0.3825412,0.174837,0.544167,1.613695,0.1613695,0.502448,2.3281435701458078,5
2025-02-19,0.0674615,0.0357736404082049,0.034083,0.138283,11.119991540908812,1.2496546012738474,9.872019290924072,13.783574104309082,351222,35122.2,1880706,188070.6,37583.988,3758.3988,14470.4771,1447.04771,52054.4651,5205.44651,2231928,223192.8,0.3559467,0.213718,0.539502,2.185994,0.2185994,0.537306,3.801169869854077,5
2025-02-20,0.0696493,0.0419045928218693,0.029769,0.134322,11.175870895385742,1.4541097517597634,9.778887033462524,13.597309589385986,354830,35483.0,1020372,102037.2,38177.862,3817.7862,9801.3051,980.13051,47979.1671,4797.91671,1375202,137520.2,0.4223837,0.269518,0.591488,1.694739,0.1694739,0.531205,3.366636293192792,5
2025-02-21,0.0709182,0.0391418895183493,0.028279,0.142748,11.099502444267271,1.717867623823241,9.10833477973938,14.24923539161682,361298,36129.8,121169,12116.9,34869.73,3486.9729999999995,10980.3959,1098.03959,45850.1259,4585.01259,482467,48246.7,0.4177085,0.234753,0.555436,2.235599,0.2235599,0.499966,3.54201262551551,5
2025-02-22,0.0312095999999999,0.0067618916025358,0.022633,0.0393,9.4706192612648,0.3469292917001865,8.950009942054749,9.872019290924072,263718,26371.8,1875761,187576.1,34467.449,3446.7449,8911.9648,891.19648,43379.4138,4337.94138,2139479,213947.9,0.4337215,0.206471,0.609482,1.687472,0.1687471999999999,0.545867,6.155833437696364,5
2025-02-23,0.0252756,0.005047012982393,0.021513,0.037916,9.465031325817108,0.4648959390408632,8.763745427131653,9.96515154838562,246102,24610.2,1858534,185853.4,34321.9208,3432.19208,12673.7259,1267.37259,46995.6467,4699.56467,2104636,210463.6,0.3785967,0.190295,0.642226,2.116113,0.2116113,0.539087,8.458907545563022,5
2025-02-24,0.0794632,0.054544030706699,0.028821,0.159903,11.5223228931427,2.2672505645825427,9.145587682724,14.808028936386108,368589,36858.9,142544,14254.4,37958.979,3795.8979,9096.0009,909.60009,47054.9799,4705.49799,511133,51113.3,0.3643029,0.201066,0.649453,1.638892,0.1638892,0.483087,3.098484301247443,5
2025-02-25,0.0739526,0.0462722684557872,0.032163,0.143382,11.25037670135498,1.903992271698012,9.313225746154783,14.156103134155272,404472,40447.2,140430,14043.0,36787.028,3678.7028,8696.1843,869.6184300000001,45483.2123,4548.32123,544902,54490.2,0.447072,0.213221,0.624995,2.210038,0.2210038,0.545275,3.187761688313513,5
2025-02-26,0.0846041999999999,0.0492761710832144,0.025434,0.148058,11.631287634372711,2.091848313588628,9.024515748023989,14.435499906539915,385114,38511.4,920780,92078.0,49585.271,4958.5271,11019.7552,1101.97552,60605.0262,6060.50262,1305894,130589.4,0.4326067,0.215295,0.639031,1.878085,0.1878085,0.514047,3.358378405855698,5
2025-02-27,0.0739189,0.043438039810107,0.030069,0.141104,11.24665141105652,1.774783625827069,9.275972843170166,14.062970876693726,342824,34282.4,2738091,273809.1,34861.741,3486.1741,7938.3458,793.83458,42800.0868,4280.00868,3080915,308091.5,0.3838703,0.185258,0.617507,2.1365030000000003,0.2136503,0.520104,3.4141106583506917,5
2025-02-28,0.0696524,0.0438213181053341,0.027754,0.156703,10.989606380462646,1.7099628043572617,9.49949026107788,14.435499906539915,396536,39653.6,1045089,104508.9,40342.373,4034.2373,7155.3448,715.53448,47497.7178,4749.77178,1441625,144162.5,0.4100294,0.187303,0.582676,1.874855,0.1874855,0.53624,3.619510335726281,5
2025-03-01,0.0287594,0.0060402421989703,0.021116,0.039104,9.52836126089096,0.3293732153375501,9.043142199516296,9.96515154838562,275571,27557.1,1022870,102287.0,42675.727,4267.5727,12764.1342,1276.41342,55439.8612,5543.98612,1298441,129844.1,0.4004849999999999,0.206306,0.646213,2.066357,0.2066357,0.476865,7.088624775093402,5
2025-03-02,0.0287216,0.0056419216229933,0.021622,0.037238,9.582377970218658,0.3643271802033089,9.043142199516296,10.151416063308716,254549,25454.9,1041539,104153.9,37085.493,3708.5493,14609.7359,1460.97359,51695.2289,5169.52289,1296088,129608.8,0.4083664999999999,0.227299,0.534244,1.779991,0.1779991,0.519089,6.177149582458326,5
2025-03-03,0.0707427,0.0435205800284314,0.027383,0.146551,11.241063475608826,1.653254240416261,9.406358003616331,13.690441846847534,337318,33731.8,126686,12668.6,49918.672,4991.8672,11457.0442,1145.70442,61375.7162,6137.571620000001,464004,46400.4,0.4094624999999999,0.196373,0.553759,2.265628,0.2265628,0.526163,4.358996072529644,5
2025-03-04,0.0711092,0.0348288384844768,0.030664,0.129703,11.064112186431885,1.35303788133008,9.685754776000977,13.504177331924438,392276,39227.6,137232,13723.2,33586.405,3358.6405,15096.2214,1509.62214,48682.6264,4868.26264,529508,52950.8,0.4337867,0.281818,0.625687,1.753217,0.1753217,0.508589,3.302672969430836,5
2025-03-05,0.0699612,0.0387801628694075,0.025706,0.136002,11.187046766281128,1.7449305975004947,9.061768651008606,14.156103134155272,377713,37771.3,947145,94714.5,37838.952,3783.8952,11002.4126,1100.24126,48841.3646,4884.13646,1324858,132485.8,0.3742704,0.220141,0.566282,2.297903,0.2297902999999999,0.544143,4.483683612582349,5
2025-03-06,0.0600486999999999,0.0287301370188556,0.035062,0.126647,10.671094059944153,1.2395402383290706,9.294599294662476,13.317912817001345,347630,34763.0,1870423,187042.3,38994.669,3899.4669,10932.6248,1093.26248,49927.2938,4992.72938,2218053,221805.3,0.3657922999999999,0.192661,0.59699,1.784165,0.1784165,0.503701,3.558841277626943,5
2025-03-07,0.0597118,0.0350958373213817,0.027951,0.13469,10.651536285877228,1.427488286063796,9.08970832824707,13.597309589385986,381195,38119.5,1040432,104043.2,31724.075,3172.4075000000003,7666.1193,766.61193,39390.1943,3939.01943,1421627,142162.7,0.3774252999999999,0.214651,0.580337,2.015285,0.2015285,0.529559,3.935929584824291,5
2025-03-08,0.0303658,0.0073267704238937,0.021733,0.039081,9.492971003055573,0.3207636833651501,8.922070264816284,10.058283805847168,262916,26291.6,955735,95573.5,38117.7911,3811.77911,7497.262200000001,749.7262200000001,45615.0533,4561.50533,1218651,121865.1,0.4271056,0.170908,0.612107,1.903137,0.1903137,0.536699,6.596291565498854,5
2025-03-09,0.0298066,0.004971297241834,0.023317,0.037207,9.657815098762512,0.2485466363684349,9.406358003616331,10.151416063308716,257731,25773.1,912827,91282.7,30443.5708,3044.35708,10412.4173,1041.2417300000002,40855.9881,4085.59881,1170558,117055.8,0.3613538,0.176959,0.574008,1.984929,0.1984929,0.510896,6.749487412037842,5
2025-03-10,0.0667994,0.0403327285332065,0.025581,0.139519,10.938383638858795,1.6170437881632391,9.173527359962463,13.783574104309082,370186,37018.6,129086,12908.6,42373.715,4237.371499999999,13771.0026,1377.10026,56144.7176,5614.47176,499272,49927.2,0.3986881,0.17108,0.623102,1.986493,0.1986492999999999,0.539809,4.531654852704788,5
2025-03-11,0.0831364,0.050192621808832,0.027466,0.156054,11.706724762916563,1.9347465313520065,9.685754776000977,14.621764421463013,322230,32223.0,980924,98092.4,37786.957,3778.6957,9048.5114,904.85114,46835.4684,4683.54684,1303154,130315.4,0.4167576,0.190351,0.644595,2.189369,0.2189369,0.536427,3.125456700756202,5
2025-03-12,0.0705654,0.0438657990091496,0.026289,0.133118,11.107884347438812,1.764211388789011,9.005889296531677,13.597309589385986,369636,36963.6,998283,99828.3,37284.265,3728.4265,8402.244499999999,840.2244499999999,45686.5095,4568.65095,1367919,136791.9,0.3991352999999999,0.174881,0.61796,1.789565,0.1789565,0.514773,3.724784801768693,5
2025-03-13,0.0702734,0.0451286480364745,0.026326,0.149809,11.129304766654968,1.664408909375493,9.033828973770142,13.783574104309082,383759,38375.9,1902769,190276.9,32779.487,3277.9487,10909.9483,1090.99483,43689.4353,4368.94353,2286528,228652.8,0.3977586999999999,0.18665,0.627406,2.234638,0.2234638,0.538268,3.656349282624461,5
2025-03-14,0.07322,0.0385368468611535,0.036844,0.130691,11.129304766654968,1.5591735645939515,9.592622518539429,13.690441846847534,382439,38243.9,976713,97671.3,31943.6326,3194.36326,12161.8524,1216.18524,44105.485,4410.5485,1359152,135915.2,0.4316487999999999,0.226496,0.606608,1.7774519999999998,0.1777452,0.54624,2.849877679487803,5
2025-03-15,0.0262942,0.004392595001186,0.021576,0.035537,9.54512506723404,0.2556363130422586,8.931383490562439,9.778887033462524,256265,25626.5,128326,12832.6,31102.6996,3110.26996,6865.828,686.5828,37968.5276,3796.85276,384591,38459.1,0.3781006,0.182114,0.591373,2.017036,0.2017036,0.524473,7.768214817052074,5
2025-03-16,0.0299897,0.0046308482796231,0.020532,0.035524,9.511597454547882,0.3451915291973173,8.996576070785522,10.151416063308716,215772,21577.2,1047147,104714.7,29506.662,2950.6662,8812.044100000001,881.20441,38318.7061,3831.87061,1262919,126291.9,0.4174382,0.182037,0.604096,1.776548,0.1776548,0.540377,5.64615966021132,5
2025-03-17,0.0777219,0.0508426509109778,0.027433,0.151699,11.408701539039612,2.022516830555374,9.592622518539429,14.621764421463013,378647,37864.7,1804825,180482.5,42168.703,4216.8703000000005,10971.1695,1097.11695,53139.8725,5313.98725,2183472,218347.2,0.3987969999999999,0.202834,0.622782,2.140496,0.2140496,0.53323,3.258072686354219,5
2025-03-18,0.0835793,0.0510081837378408,0.027934,0.159033,11.771917343139648,2.095970140384833,9.592622518539429,14.808028936386108,383965,38396.5,147655,14765.5,32216.3785,3221.63785,9475.169,947.5169,41691.5475,4169.15475,531620,53162.0,0.5167372,0.365676,0.642344,1.714617,0.1714617,0.502615,2.6735097266366195,5
2025-03-19,0.0833357,0.0496318797773501,0.029748,0.151143,11.64153218269348,2.0200136409448386,9.592622518539429,14.528632164001465,386470,38647.0,1044465,104446.5,37521.14,3752.114,10836.5842,1083.65842,48357.7242,4835.772419999999,1430935,143093.5,0.3264753,0.193669,0.573906,2.138413,0.2138412999999999,0.522892,3.0493852871641414,5
2025-03-20,0.0733319,0.0464847629120434,0.026487,0.159447,11.259689927101135,1.7558168291112015,9.313225746154783,14.24923539161682,376847,37684.7,2739518,273951.8,37770.6437,3777.06437,9244.5466,924.45466,47015.1903,4701.51903,3116365,311636.5,0.3406234,0.191573,0.547308,1.921614,0.1921613999999999,0.525755,3.707775902066549,5
2025-03-21,0.0680561,0.040971468499297,0.025443,0.126206,11.057592928409576,1.5672071047742733,8.968636393547058,13.131648302078249,356709,35670.9,1859710,185971.0,30303.1345,3030.31345,7537.0116,753.70116,37840.1461,3784.01461,2216419,221641.9,0.505852,0.232704,0.632774,2.157261,0.2157261,0.539575,3.978096005241768,5
2025-03-22,0.0303772,0.0054459601908203,0.022662,0.038964,9.685754776000977,0.3991067081686905,8.959323167800903,10.244548320770264,236833,23683.3,1072525,107252.5,33957.501,3395.7501,5688.067,568.8067,39645.568,3964.5568,1309358,130935.8,0.46016,0.308995,0.630585,1.664468,0.1664468,0.490971,5.41561801226017,5
2025-03-23,0.0325238,0.0057040279686083,0.02108,0.03817,9.679235517978668,0.3596842860517498,8.968636393547058,10.244548320770264,244063,24406.3,3471151,347115.1,41737.845,4173.7845,8961.6804,896.1680399999999,50699.5254,5069.95254,3715214,371521.4,0.3787872,0.17844,0.617723,2.180146,0.2180145999999999,0.546626,6.250947970911587,5
2025-03-24,0.0700588,0.0456362772164621,0.0305,0.148524,11.259689927101135,1.7991915906037257,9.49949026107788,14.528632164001465,349964,34996.4,1970634,197063.4,35348.481700000004,3534.84817,6370.0543,637.0054299999999,41718.536,4171.8536,2320598,232059.8,0.4108310999999999,0.205179,0.559773,1.747656,0.1747656,0.545141,3.583989078767197,5
2025-03-25,0.0637817,0.0315933034854258,0.029215,0.118371,10.952353477478027,1.2434696852975524,9.592622518539429,13.317912817001345,356015,35601.5,1009786,100978.6,31984.698,3198.4698,13396.1063,1339.61063,45380.8043,4538.08043,1365801,136580.1,0.4247504,0.205951,0.627444,2.00722,0.200722,0.473581,3.4398670557492528,5
2025-03-26,0.0641275999999999,0.0418704119083844,0.028902,0.14722,10.851770639419556,1.6988621753581752,9.052455425262451,14.34236764907837,375141,37514.1,156761,15676.1,28550.631,2855.0631000000003,8950.3337,895.0333699999999,37500.9647,3750.09647,531902,53190.2,0.4323075,0.211471,0.643545,1.870402,0.1870402,0.545109,4.23312745469608,5
2025-03-27,0.0726419,0.0435606511313695,0.030345,0.152241,11.175870895385742,1.7037519233937377,9.313225746154783,14.062970876693726,393662,39366.2,1849235,184923.5,32478.9892,3247.89892,11073.595,1107.3595,43552.5842,4355.25842,2242897,224289.7,0.4309516,0.183553,0.649192,2.1564520000000003,0.2156452,0.534278,3.667080564880665,5
2025-03-28,0.0630708,0.0275535578416532,0.025286,0.111475,10.758638381958008,1.1882774214753888,9.052455425262451,12.293457984924316,358479,35847.9,140209,14020.9,43428.161,4342.8161,4765.2300000000005,476.523,48193.391,4819.3391,498688,49868.8,0.4407097,0.260564,0.647228,1.75653,0.175653,0.532105,3.279576749308118,5
2025-03-29,0.029305,0.0065429846740187,0.020478,0.038044,9.52836126089096,0.4161401517883638,8.791685104370117,10.244548320770264,267920,26792.0,2618616,261861.6,39493.985,3949.3985,8242.668399999999,824.2668399999999,47736.6534,4773.6653400000005,2886536,288653.6,0.4157229,0.239068,0.646548,1.990151,0.1990151,0.49021,6.587741460954024,5
2025-03-30,0.028491,0.0060880700098179,0.020678,0.038152,9.560957551002502,0.2597408775130836,9.08970832824707,9.872019290924072,245712,24571.2,944294,94429.4,39075.897,3907.5897,10087.0422,1008.70422,49162.9392,4916.29392,1190006,119000.6,0.4017799,0.185069,0.646775,1.814935,0.1814935,0.544551,7.007047962103849,5
2025-03-31,0.0734509,0.0481696091153148,0.025916,0.156201,11.377036571502686,1.861895801227292,9.08970832824707,14.528632164001465,343992,34399.2,1768556,176855.6,26049.4384,2604.94384,9385.2691,938.52691,35434.707500000004,3543.4707500000004,2112548,211254.8,0.3012095,0.170126,0.620442,2.060149,0.2060149,0.538616,3.531715680844455,5
2025-04-01,0.0712300999999999,0.0431434223245882,0.027125,0.137732,11.119991540908812,1.6527586737043047,9.313225746154783,13.87670636177063,383055,38305.5,1058616,105861.6,36476.1426,3647.61426,11471.5505,1147.1550499999998,47947.6931,4794.769310000001,1441671,144167.1,0.4326825,0.177462,0.646575,1.830149,0.1830149,0.542504,3.3506286459741963,5
2025-04-02,0.0760885,0.0375047610703553,0.036598,0.139198,11.25037670135498,1.51181829368674,9.406358003616331,13.41104507446289,355939,35593.9,1069236,106923.6,30116.682,3011.6682,13747.6831,1374.76831,43864.3651,4386.43651,1425175,142517.5,0.4173401,0.226999,0.638789,2.320001,0.2320001,0.543832,3.286763790838644,5
2025-04-03,0.0715457,0.0480419127314889,0.027024,0.151529,11.16376370191574,1.8531839771707543,9.192153811454771,14.24923539161682,366674,36667.4,121617,12161.7,43578.217,4357.8217,10543.4182,1054.34182,54121.6352,5412.16352,488291,48829.1,0.418928,0.27872,0.598664,1.866029,0.1866029,0.541949,4.440780305205939,5
2025-04-04,0.0806163,0.0437714025974087,0.032137,0.155705,11.613592505455015,1.5732032712229809,9.685754776000977,14.24923539161682,348812,34881.2,2856056,285605.6,33038.749,3303.8749000000003,10250.4879,1025.04879,43289.2369,4328.9236900000005,3204868,320486.8,0.4758303,0.175771,0.628822,2.007754,0.2007754,0.482373,2.7716659632737137,5
2025-04-05,0.032122,0.0055018624321426,0.024696,0.039802,9.55723226070404,0.3945604385581711,9.07108187675476,10.244548320770264,259061,25906.1,954184,95418.4,35429.8,3542.9800000000005,10790.3324,1079.03324,46220.1324,4622.01324,1213245,121324.5,0.4064275999999999,0.172858,0.647029,1.636099,0.1636099,0.494585,4.608751174661988,5
2025-04-06,0.0273635,0.0070634694536199,0.020597,0.03753,9.36165452003479,0.2811435779946222,8.810311555862427,9.685754776000977,255121,25512.1,956864,95686.4,43586.848,4358.6848,10971.2808,1097.12808,54558.1288,5455.81288,1211985,121198.5,0.3944686,0.223379,0.647324,2.33017,0.2330169999999999,0.535473,7.471521369620436,5
2025-04-07,0.0738048999999999,0.0446711602203629,0.03105,0.152979,11.34723424911499,1.6662040784937036,9.164214134216309,14.24923539161682,350506,35050.6,136465,13646.5,33703.354,3370.3354,3193.7043,319.37043,36897.0583,3689.70583,486971,48697.1,0.4147747,0.219243,0.646649,1.516876,0.1516876,0.469449,2.538313706266357,5
2025-04-08,0.0749517,0.0481233047217711,0.025714,0.157035,11.175870895385742,1.7681507848076696,9.592622518539429,14.34236764907837,336391,33639.1,1000672,100067.2,40647.927,4064.7927,6956.3575,695.63575,47604.2845,4760.428449999999,1337063,133706.3,0.3823573999999999,0.192573,0.604123,2.239857,0.2239857,0.542214,3.5652761986275605,5
2025-04-09,0.0899655,0.0557226539494186,0.027995,0.155477,11.813826858997343,2.238841486950372,9.173527359962463,14.621764421463013,364398,36439.8,150120,15012.0,30594.1918,3059.41918,13649.8211,1364.98211,44244.0129,4424.40129,514518,51451.8,0.3968459,0.233754,0.607692,1.790582,0.1790582,0.489113,3.2874727984319536,5
2025-04-10,0.0622859,0.0323834997952489,0.026694,0.126779,10.80334186553955,1.0834341475501126,9.592622518539429,12.945383787155151,362029,36202.9,139958,13995.8,33680.755,3368.0755,11449.7505,1144.97505,45130.5055,4513.05055,501987,50198.7,0.4517637,0.19983,0.643843,2.222257,0.2222257,0.514052,4.179552906904508,5
2025-04-11,0.0710084,0.0444339601961282,0.028157,0.139744,11.203810572624208,1.6107363860595574,9.313225746154783,13.597309589385986,341035,34103.5,955034,95503.4,33672.638,3367.2638,3315.1579,331.51579000000004,36987.7959,3698.77959,1296069,129606.9,0.2957972,0.177016,0.546651,1.694202,0.1694202,0.515197,2.9605668073234943,5
2025-04-12,0.0308802,0.0068009425621257,0.022334,0.036917,9.73232090473175,0.2161970405091861,9.49949026107788,10.058283805847168,229776,22977.6,944838,94483.8,39215.525,3921.5525,11793.811699999998,1179.38117,51009.3367,5100.93367,1174614,117461.4,0.4138448999999999,0.22157,0.63933,1.997441,0.1997440999999999,0.466201,6.390704358871017,5
2025-04-13,0.029362,0.0028171226849788,0.0228,0.033179,9.56747680902481,0.2512864864269866,9.145587682724,9.872019290924072,244189,24418.9,930601,93060.1,36030.5822,3603.05822,10005.0669,1000.50669,46035.6491,4603.56491,1174790,117479.0,0.4294873,0.215654,0.638077,1.782256,0.1782256,0.522441,5.763336252955512,5
2025-04-14,0.0838391,0.0531208390212562,0.029431,0.156052,11.790543794631958,2.1736181266149943,9.685754776000977,14.808028936386108,385764,38576.4,959306,95930.6,39293.87,3929.387,10199.9372,1019.99372,49493.8072,4949.380719999999,1345070,134507.0,0.4722768,0.252366,0.585693,2.057902,0.2057901999999999,0.540887,3.1947147766996604,5
2025-04-15,0.0615328,0.0369415343055001,0.028407,0.142821,10.887160897254944,1.4897603634341463,9.592622518539429,14.24923539161682,370863,37086.3,2746627,274662.7,38693.064,3869.3064,3917.4035,391.74035,42610.4675,4261.04675,3117490,311749.0,0.3854798,0.214594,0.57345,1.70297,0.170297,0.486171,3.593832726188731,5
2025-04-16,0.0638460999999999,0.0320054309643084,0.025544,0.113518,10.970979928970335,1.327874256021247,9.49949026107788,13.224780559539797,337289,33728.9,119067,11906.7,38185.617,3818.5617,10645.6075,1064.56075,48831.2245,4883.12245,456356,45635.6,0.4197027,0.208682,0.634171,2.138338,0.2138338,0.520815,3.6631371200791967,5
2025-04-17,0.0766402,0.0523197017932378,0.028913,0.158467,11.632218956947328,2.0495915798350466,9.778887033462524,14.901161193847656,397563,39756.3,1049731,104973.1,40025.843,4002.5843,9741.8489,974.18489,49767.6919,4976.76919,1447294,144729.4,0.423907,0.241542,0.606521,1.74649,0.174649,0.5133,3.453093711561748,5
2025-04-18,0.0700605,0.0362779309015825,0.031825,0.119827,11.026859283447266,1.4667796713607035,9.406358003616331,13.317912817001345,384862,38486.2,1794697,179469.7,33894.971,3389.4971,8567.0016,856.70016,42461.9726,4246.19726,2179559,217955.9,0.4063224,0.230678,0.607249,2.181257,0.2181257,0.547826,3.245509105024324,5
2025-04-19,0.0278447,0.005043462920785,0.021516,0.03553,9.620562195777891,0.1645629391160928,9.406358003616331,9.872019290924072,256231,25623.1,1767630,176763.0,37417.933,3741.7933,14736.08,1473.608,52154.013,5215.4013,2023861,202386.1,0.3603279,0.188826,0.619929,1.893319,0.1893319,0.518609,7.060107730073073,5
2025-04-20,0.0298136,0.0061191057298704,0.020513,0.038982,9.541399776935576,0.3898289306502152,9.117648005485536,10.244548320770264,245934,24593.4,121135,12113.5,26572.516,2657.2516,16532.7646,1653.2764599999998,43105.2806,4310.52806,367069,36706.9,0.4855121999999999,0.281413,0.638479,2.223844,0.2223843999999999,0.547919,8.5590305547243,5
2025-04-21,0.0691197,0.0364544583587979,0.026176,0.136265,11.082738637924194,1.3848585401472613,9.406358003616331,13.504177331924438,339975,33997.5,955389,95538.9,36768.685,3676.8685,9447.6813,944.76813,46216.3663,4621.63663,1295364,129536.4,0.3699802,0.173293,0.633027,1.737962,0.1737962,0.489983,3.092959359926212,5
2025-04-22,0.0810154,0.0507629061754523,0.029334,0.152516,11.585652828216553,1.910762851787872,9.592622518539429,14.24923539161682,380556,38055.6,125583,12558.3,46159.642,4615.9642,6341.1535,634.11535,52500.7955,5250.07955,506139,50613.9,0.3972011,0.179118,0.608141,2.228459,0.2228458999999999,0.48451,3.150174820987733,5
2025-04-23,0.0714895,0.0360619077490362,0.037168,0.132345,11.175870895385742,1.288983939341375,10.058283805847168,13.317912817001345,366196,36619.6,140323,14032.3,35117.625,3511.7625,11316.1869,1131.61869,46433.8119,4643.38119,506519,50651.9,0.3315535,0.179097,0.640142,1.83344,0.183344,0.49297,2.7925148701020603,5
2025-04-24,0.0747775,0.0474995924035143,0.029185,0.151523,11.334195733070374,1.8005837395339908,9.49949026107788,14.156103134155272,373353,37335.3,2752730,275273.0,33917.915,3391.7915000000003,12011.6735,1201.1673500000002,45929.588500000005,4592.958850000001,3126083,312608.3,0.3605030999999999,0.221229,0.452098,2.121436,0.2121436,0.4979,3.263662982584853,5
2025-04-25,0.0662784,0.0358844643859521,0.026044,0.141088,10.8964741230011,1.5017125286717994,9.313225746154783,13.87670636177063,357114,35711.4,140708,14070.8,37082.333,3708.2333,13393.5975,1339.35975,50475.9305,5047.59305,497822,49782.2,0.409854,0.180436,0.573653,1.683344,0.1683344,0.528171,3.9035306862450456,5
2025-04-26,0.0297926,0.0051075274122286,0.020111,0.03542,9.52836126089096,0.2546542405072713,9.117648005485536,9.872019290924072,221172,22117.2,1004511,100451.1,35734.1547,3573.41547,6202.9994,620.29994,41937.1541,4193.71541,1225683,122568.3,0.3547428,0.180144,0.536499,2.100153,0.2100152999999999,0.543533,7.132990780992229,5
2025-04-27,0.0286611999999999,0.0049820897400365,0.021562,0.037935,9.367242455482485,0.3853670319420768,8.968636393547058,10.151416063308716,267777,26777.7,981093,98109.3,37930.766,3793.0766,7832.9695,783.29695,45763.7355,4576.373549999999,1248870,124887.0,0.5016804,0.212987,0.638936,1.738337,0.1738337,0.520305,5.711875920982606,5
2025-04-28,0.0702763999999999,0.0265041866344839,0.044091,0.115616,11.185184121131895,1.002536536628802,9.96515154838562,12.945383787155151,385617,38561.7,962866,96286.6,31721.232,3172.1232,9597.2694,959.72694,41318.5014,4131.8501400000005,1348483,134848.3,0.4687591999999999,0.254337,0.621691,2.168825,0.2168825,0.54417,3.0131289529510967,5
2025-04-29,0.0649341,0.0358848082819642,0.02827,0.124337,10.983087122440338,1.5966444454572928,9.043142199516296,13.41104507446289,369628,36962.8,1949227,194922.7,28685.9076,2868.59076,10723.3564,1072.33564,39409.264,3940.9264,2318855,231885.5,0.3808132,0.176576,0.613358,1.815741,0.1815741,0.546221,3.903613478722213,5
2025-04-30,0.0675843,0.0368866892103371,0.02608,0.146099,11.01754605770111,1.4165426905225802,9.49949026107788,13.969838619232178,398141,39814.1,1016106,101610.6,41025.74,4102.574,14761.1438,1476.11438,55786.8838,5578.6883800000005,1414247,141424.7,0.4015563,0.185637,0.580421,2.055249,0.2055248999999999,0.510971,3.448795371085174,5
2025-05-01,0.0737867,0.0445871554599652,0.026927,0.153187,11.305324733257294,1.7597613258933784,9.024515748023989,14.528632164001465,383706,38370.6,962958,96295.8,26010.3354,2601.03354,8859.3592,885.9359200000001,34869.6946,3486.9694600000003,1346664,134666.4,0.4275709,0.33514,0.55114,1.576766,0.1576766,0.494843,2.805347489499127,5
2025-05-02,0.0841489,0.0487596676988266,0.028943,0.153411,11.762604117393494,1.9644063663891969,9.406358003616331,14.71489667892456,370258,37025.8,1060327,106032.7,46364.547,4636.4547,7777.6343,777.76343,54142.1813,5414.218129999999,1430585,143058.5,0.4042839,0.227896,0.635823,2.08701,0.2087009999999999,0.522485,2.7375222457520656,5
2025-05-03,0.0302948999999999,0.0066613900025945,0.020469,0.039691,9.618699550628662,0.27741673214939,9.201467037200928,10.151416063308716,245790,24579.0,939920,93992.0,40025.005,4002.5005,13686.8066,1368.68066,53711.8116,5371.18116,1185710,118571.0,0.4411394999999999,0.179525,0.63814,1.880925,0.1880925,0.503392,6.308218213427926,5
2025-05-04,0.032221,0.0068091290681456,0.020811,0.039289,9.794719517230988,0.3208237677862333,9.28528606891632,10.151416063308716,249998,24999.8,144174,14417.4,32144.0406,3214.40406,10128.7981,1012.87981,42272.8387,4227.28387,394172,39417.2,0.4445279,0.270987,0.630872,2.182184,0.2182183999999999,0.545307,7.00926006023605,5
2025-05-05,0.0803016,0.0493792230176034,0.027447,0.151001,11.594966053962708,1.936837503973899,9.49949026107788,14.156103134155272,363735,36373.5,157390,15739.0,36653.593,3665.3593,6904.1783,690.41783,43557.7713,4355.77713,521125,52112.5,0.4776036999999999,0.21654,0.63294,1.669953,0.1669953,0.505608,2.9022332722764763,5
2025-05-06,0.0721963,0.0415931154106862,0.029211,0.134836,11.138617992401125,1.597006262915609,9.313225746154783,13.597309589385986,351748,35174.8,1051714,105171.4,45051.221,4505.1221,9424.3323,942.43323,54475.5533,5447.55533,1403462,140346.2,0.4476383,0.191321,0.628051,2.091671,0.2091671,0.502191,3.57229187733911,5
2025-05-07,0.0620127,0.0290174465529886,0.029611,0.100915,10.781921446323397,1.2265993270645623,9.28528606891632,12.479722499847412,361117,36111.7,125663,12566.3,35358.709,3535.8709000000003,9736.7236,973.67236,45095.4326,4509.54326,486780,48678.0,0.3911634,0.20397,0.551557,1.669274,0.1669274,0.5213,3.5263647240750857,5
2025-05-08,0.0855001,0.0506426364647418,0.029814,0.152071,11.809170246124268,2.1172885859111985,9.592622518539429,14.621764421463013,365622,36562.2,924589,92458.9,27367.3329,2736.73329,10445.6166,1044.56166,37812.9495,3781.29495,1290211,129021.1,0.4467892,0.175018,0.649957,1.998573,0.1998573,0.508317,2.952878030889231,5
2025-05-09,0.0691399,0.0418038619014772,0.025578,0.144861,11.203810572624208,1.5584316603219963,9.685754776000977,14.156103134155272,371318,37131.8,991986,99198.6,32593.72,3259.3720000000003,8533.1605,853.31605,41126.8805,4112.68805,1363304,136330.4,0.3922789,0.18035,0.599432,1.598746,0.1598746,0.473138,2.940440274018932,5
2025-05-10,0.0270105,0.0046212126414803,0.020691,0.03368,9.259209036827087,0.3843904730890048,8.838251233100891,9.96515154838562,233410,23341.0,1851203,185120.3,37874.74,3787.474,8591.6176,859.16176,46466.3576,4646.63576,2084613,208461.3,0.3802588,0.197847,0.646578,2.187758,0.2187758,0.529498,7.628369082739771,5
2025-05-11,0.0285588,0.0063405179213618,0.021061,0.038646,9.533949196338654,0.253196827636627,9.192153811454771,9.96515154838562,264833,26483.3,1043219,104321.9,34262.956,3426.2956,9434.2883,943.42883,43697.2443,4369.72443,1308052,130805.2,0.3902381,0.208743,0.545163,1.654627,0.1654627,0.519094,5.467112263872766,5
2025-05-12,0.0770696,0.0459833902843673,0.028573,0.158531,11.53908669948578,1.807741659685082,9.685754776000977,14.621764421463013,372329,37232.9,1003440,100344.0,31406.262,3140.6262,9941.9343,994.19343,41348.1963,4134.81963,1375769,137576.9,0.3391756,0.175885,0.522949,2.134661,0.2134661,0.496239,3.2861039080054395,5
2025-05-13,0.0776562,0.0496557426393631,0.026651,0.1485,11.3779678940773,2.1112171873875623,8.968636393547058,14.528632164001465,327797,32779.7,945537,94553.7,33897.9256,3389.7925600000003,9653.9217,965.39217,43551.8473,4355.18473,1273334,127333.4,0.3897921,0.209059,0.58722,1.760467,0.1760467,0.522211,3.592781842901876,5
2025-05-14,0.0713449,0.0399373963332335,0.028152,0.124538,11.175870895385742,1.4718956737629696,9.592622518539429,12.945383787155151,361298,36129.8,127462,12746.2,38828.6674,3882.86674,12114.9129,1211.4912900000002,50943.5803,5094.35803,488760,48876.0,0.4050223,0.194369,0.621442,2.198716,0.2198716,0.479039,3.5177379044605237,5
2025-05-15,0.0691217,0.0362479097360569,0.027799,0.126781,11.101365089416504,1.4278929670782077,9.406358003616331,13.597309589385986,357643,35764.3,135730,13573.0,39232.096,3923.2096,6299.451,629.9451,45531.547,4553.1547,493373,49337.3,0.4816131,0.172937,0.642918,1.6662169999999998,0.1666216999999999,0.535515,3.154021373396188,5
2025-05-16,0.0784188,0.0442521434202784,0.033644,0.150345,11.362135410308838,1.6503078068298618,9.313225746154783,13.783574104309082,313247,31324.7,982946,98294.6,38721.006,3872.1006,14168.7336,1416.87336,52889.7396,5288.97396,1296193,129619.3,0.4390439,0.280365,0.648266,2.166998,0.2166998,0.474577,3.08873773728517,5
2025-05-17,0.0290655,0.0053079499966245,0.020079,0.037857,9.492039680480955,0.3100929695170842,8.773058652877808,9.872019290924072,248239,24823.9,1988805,198880.5,41227.874,4122.7874,13517.6174,1351.76174,54745.4914,5474.54914,2237044,223704.4,0.438497,0.248002,0.633973,1.650807,0.1650807,0.468253,5.616566614493857,5
2025-05-18,0.0298256,0.0062020571354278,0.022162,0.038633,9.473413228988647,0.373247524955181,9.005889296531677,10.151416063308716,257983,25798.3,1826305,182630.5,31877.0133,3187.70133,6105.8132000000005,610.58132,37982.8265,3798.28265,2084288,208428.8,0.4105976,0.228789,0.604205,1.969009,0.1969009,0.519942,6.999792201428913,5
2025-05-19,0.0745386,0.0392165415189956,0.038786,0.137351,11.26900315284729,1.686696920196976,9.592622518539429,13.690441846847534,335632,33563.2,1923477,192347.7,43838.791,4383.8791,8627.8545,862.78545,52466.6455,5246.66455,2259109,225910.9,0.4782548999999999,0.278801,0.629719,1.776131,0.1776131,0.46555,3.014970739405161,5
2025-05-20,0.0790893,0.0507702378543659,0.028446,0.158592,11.259689927101135,2.116724094579653,9.117648005485536,14.621764421463013,351360,35136.0,132780,13278.0,41028.516,4102.8516,11883.121,1188.3121,52911.637,5291.1637,484140,48414.0,0.4224514,0.199518,0.632294,2.173785,0.2173785,0.540945,3.041440036344003,5
2025-05-21,0.0640811999999999,0.0302943223972927,0.034034,0.13646,10.877847671508787,1.2423841593941811,9.592622518539429,13.690441846847534,350914,35091.4,2583488,258348.8,31441.21,3144.121,14042.4531,1404.24531,45483.6631,4548.366309999999,2934402,293440.2,0.37016,0.180255,0.633504,1.799329,0.1799329,0.484947,3.449742940414513,5
2025-05-22,0.0737208,0.0367972861130938,0.034076,0.125837,11.222437024116516,1.4502938373384475,9.685754776000977,13.0385160446167,390982,39098.2,1863084,186308.4,34181.68,3418.168,10976.8648,1097.6864799999998,45158.5448,4515.85448,2254066,225406.6,0.3845134,0.224076,0.584491,2.2508030000000003,0.2250803,0.547598,3.397117357533193,5
2025-05-23,0.0726848,0.0427431985227539,0.026882,0.135015,11.255964636802672,1.699040292814969,9.08970832824707,13.597309589385986,382848,38284.8,138128,13812.8,26042.9723,2604.29723,13278.1364,1327.81364,39321.1087,3932.11087,520976,52097.6,0.4216661999999999,0.210752,0.632813,1.715527,0.1715527,0.494475,3.5097929160764325,5
2025-05-24,0.0305194999999999,0.0053614737246395,0.02239,0.039172,9.541399776935576,0.3676136252302346,8.987262845039368,10.244548320770264,276771,27677.1,945568,94556.8,42044.880000000005,4204.488,6887.6617,688.76617,48932.5417,4893.25417,1222339,122233.9,0.4175147,0.201011,0.628157,2.078093,0.2078093,0.491686,7.06848025718526,5
2025-05-25,0.0274793,0.0049072341395128,0.02179,0.036667,9.592622518539429,0.3516898972634081,9.099021553993223,10.151416063308716,284381,28438.1,985186,98518.6,35548.005000000005,3554.8005000000003,17528.8939,1752.8893899999998,53076.8989,5307.68989,1269567,126956.7,0.3790926,0.196031,0.61927,1.699066,0.1699066,0.50228,5.948420346564263,5
2025-05-26,0.0801337,0.0487481275037536,0.027879,0.148471,11.35561615228653,1.867461362657306,9.154900908470154,13.783574104309082,328169,32816.9,134600,13460.0,39996.322,3999.6322,10304.0365,1030.40365,50300.3585,5030.03585,462769,46276.9,0.4645628,0.332984,0.597306,2.197815,0.2197815,0.532439,3.151147047680641,5
2025-05-27,0.0845583,0.0517423723633627,0.032362,0.15427,11.602416634559631,2.1234417938925456,9.201467037200928,14.71489667892456,382662,38266.2,2710801,271080.1,33561.988,3356.1988,15896.0217,1589.60217,49458.0097,4945.80097,3093463,309346.3,0.4368569,0.238148,0.619874,1.890068,0.1890068,0.548616,3.320307751497776,5
2025-05-28,0.0682748,0.0353717616493408,0.030156,0.12888,11.037103831768036,1.3296182319337508,9.136274456977844,13.131648302078249,345678,34567.8,933990,93399.0,25494.6561,2549.46561,11967.636,1196.7636,37462.2921,3746.22921,1279668,127966.8,0.4216758,0.229325,0.581175,2.178345,0.2178345,0.544221,3.334902454210281,5
2025-05-29,0.0737561,0.0459495056881887,0.026132,0.135799,11.254101991653442,1.7781254559118362,9.07108187675476,14.062970876693726,358743,35874.3,117583,11758.3,38043.6225,3804.36225,7337.0488,733.70488,45380.6713,4538.06713,476326,47632.6,0.3944263,0.206652,0.630796,1.7600699999999998,0.1760069999999999,0.502971,3.47810468005139,5
2025-05-30,0.0771913,0.0436350775537551,0.038524,0.158629,11.352822184562685,1.7868291909232146,9.592622518539429,14.71489667892456,400254,40025.4,924918,92491.8,42440.033,4244.003299999999,6010.9707,601.09707,48451.0037,4845.10037,1325172,132517.2,0.4078331,0.223093,0.611176,2.121286,0.2121286,0.50735,3.0905085321979744,5
2025-05-31,0.0284304999999999,0.0058541347258915,0.020229,0.038518,9.572133421897888,0.2830907445485824,9.201467037200928,9.96515154838562,263782,26378.2,1853199,185319.9,51550.85,5155.085,16878.8868,1687.88868,68429.7368,6842.97368,2116981,211698.1,0.4023037,0.172721,0.64994,2.036606,0.2036606,0.542561,8.096165501883531,5
2025-06-01,0.0258741,0.003583799549516,0.020998,0.031465,9.286217391490936,0.2324142806200267,8.922070264816284,9.592622518539429,279005,27900.5,983211,98321.1,35985.079,3598.5079,11256.9956,1125.69956,47242.0746,4724.20746,1262216,126221.6,0.4985031,0.335232,0.62048,2.182764,0.2182763999999999,0.528843,8.37980018646831,5
2025-06-02,0.0770649,0.0423630530833702,0.035059,0.146857,11.408701539039612,1.7807781691193447,9.406358003616331,14.528632164001465,364825,36482.5,946900,94690.0,49725.029,4972.5029,11949.1052,1194.91052,61674.1342,6167.41342,1311725,131172.5,0.3971596,0.173467,0.613179,1.608775,0.1608775,0.545031,2.7671888576375183,5
2025-06-03,0.0679401999999999,0.0417855660161363,0.030802,0.152217,11.10415905714035,1.5852439843306207,9.248033165931702,14.062970876693726,362729,36272.9,1009822,100982.2,42534.449,4253.4449,13971.2735,1397.12735,56505.7225,5650.572249999999,1372551,137255.1,0.3469303,0.171059,0.645565,2.253172,0.2253172,0.54273,3.960454654119978,5
2025-06-04,0.0678193,0.0457333255880702,0.02606,0.150314,10.954216122627258,1.86590089805016,9.145587682724,14.435499906539915,375501,37550.1,1000436,100043.6,46259.243,4625.924300000001,10069.3059,1006.93059,56328.5489,5632.8548900000005,1375937,137593.7,0.4032037,0.198652,0.648618,1.92,0.192,0.549772,3.4931292406540555,5
2025-06-05,0.0746341,0.0456732516723105,0.027046,0.154735,11.304393410682678,1.992390950404196,9.033828973770142,14.901161193847656,358559,35855.9,987769,98776.9,49066.188,4906.6188,8601.864099999999,860.1864099999999,57668.0521,5766.80521,1346328,134632.8,0.5105864999999999,0.250642,0.629705,2.203172,0.2203172,0.545328,3.96778650284196,5
2025-06-06,0.0650289,0.0359923136067503,0.030278,0.152921,11.019408702850342,1.5221153029444578,9.145587682724,14.71489667892456,345617,34561.7,1840630,184063.0,41337.845,4133.7845,8783.8962,878.3896199999999,50121.7412,5012.174120000001,2186247,218624.7,0.4819018,0.26383,0.64478,1.811862,0.1811862,0.523623,3.30567041609346,5
2025-06-07,0.0277644,0.0057594626909885,0.020801,0.039157,9.521842002868652,0.303254800247444,8.996576070785522,10.058283805847168,228885,22888.5,1893618,189361.8,39709.2369,3970.92369,7062.0978000000005,706.20978,46771.3347,4677.13347,2122503,212250.3,0.3608435,0.212861,0.600728,2.0027220000000003,0.2002722,0.519547,6.934532622495235,5
2025-06-08,0.0332787,0.0042355416825294,0.025929,0.039162,9.648501873016356,0.3714668426135913,9.005889296531677,10.151416063308716,253334,25333.4,131391,13139.1,35534.95,3553.495,17269.3757,1726.93757,52804.3257,5280.43257,384725,38472.5,0.3718811999999999,0.170688,0.624814,1.7892750000000002,0.1789275,0.54344,5.508379939068079,5
2025-06-09,0.0730842,0.0472549640233112,0.026517,0.159799,11.418014764785768,1.880257015421225,9.685754776000977,15.087425708770752,331939,33193.9,1029402,102940.2,40825.372,4082.5372,7990.810600000001,799.0810600000001,48816.1826,4881.61826,1361341,136134.1,0.346644,0.176991,0.591455,2.240129,0.2240129,0.547147,4.122193953737801,5
2025-06-10,0.075315,0.045341446173574,0.028813,0.157302,11.262483894824982,1.8489459816710356,9.154900908470154,14.621764421463013,339141,33914.1,1912571,191257.1,35714.822,3571.4822,9566.2315,956.62315,45281.0535,4528.10535,2251712,225171.2,0.455252,0.311018,0.602334,1.7667400000000002,0.176674,0.511221,3.600405841151253,5
2025-06-11,0.0694235,0.0348967845263396,0.028787,0.116598,11.157244443893433,1.2790766141631298,9.406358003616331,12.759119272232056,398134,39813.4,144346,14434.6,48240.854,4824.0854,8098.8777,809.88777,56339.7317,5633.97317,542480,54248.0,0.3271919,0.180686,0.587463,2.109353,0.2109353,0.541017,3.199709245101213,5
2025-06-12,0.067781,0.0345655710594612,0.033237,0.130195,10.952353477478027,1.4281629156517657,9.592622518539429,13.690441846847534,354871,35487.1,993171,99317.1,38143.678,3814.3678,10216.4666,1021.64666,48360.1446,4836.01446,1348042,134804.2,0.3488899,0.171851,0.517395,1.626632,0.1626632,0.464796,3.0931388150732846,5
2025-06-13,0.0673802,0.0330402250254645,0.031205,0.120446,11.11067831516266,1.2269681562976844,9.778887033462524,13.317912817001345,367751,36775.1,118868,11886.8,41910.593,4191.0593,11215.5456,1121.55456,53126.1386,5312.61386,486619,48661.9,0.3964611,0.223432,0.585082,2.251814,0.2251814,0.543992,3.9545346695142527,5
2025-06-14,0.0319246,0.0055771695967678,0.023567,0.039868,9.644776582717896,0.3886888151122298,9.099021553993223,10.337680578231812,261427,26142.7,1838774,183877.4,39293.291,3929.3291,9894.5784,989.45784,49187.8694,4918.78694,2100201,210020.1,0.3861824,0.174811,0.544536,1.792041,0.1792041,0.544853,6.277340759224069,5
2025-06-15,0.0316618,0.0059321132228649,0.02052,0.037429,9.522773325443268,0.317538662277764,8.89413058757782,10.058283805847168,260556,26055.6,1051681,105168.1,42745.339,4274.5339,7387.4071,738.74071,50132.7461,5013.27461,1312237,131223.7,0.3276899,0.189045,0.56092,2.054455,0.2054455,0.510941,6.831195212583454,5
2025-06-16,0.0720156999999999,0.0458211584606694,0.027634,0.139433,11.00543886423111,1.8988226181048653,9.192153811454771,14.24923539161682,372555,37255.5,115971,11597.1,34920.524,3492.0524,10773.771,1077.3771000000002,45694.295,4569.4295,488526,48852.6,0.3660132,0.178849,0.614099,1.903633,0.1903632999999999,0.547159,3.988251388389969,5
2025-06-17,0.060707,0.0292062026098719,0.03147,0.122763,10.887160897254944,1.2475319949927235,9.49949026107788,13.504177331924438,376519,37651.9,944456,94445.6,41424.127,4142.4127,10290.0616,1029.00616,51714.1886,5171.41886,1320975,132097.5,0.3487465,0.179928,0.630199,2.248906,0.2248906,0.548152,3.979730556851839,5
2025-06-18,0.0727891,0.0559192988818112,0.025824,0.154383,11.230818927288055,2.167839654513418,9.229406714439392,14.528632164001465,364963,36496.3,941623,94162.3,32581.732,3258.1732,12898.5632,1289.85632,45480.2952,4548.02952,1306586,130658.6,0.4576174,0.17393,0.618359,1.783311,0.1783311,0.508762,4.092748346963805,5
2025-06-19,0.0746853,0.0431607955081923,0.027354,0.138541,11.245720088481905,1.6609673872004211,9.080395102500916,13.690441846847534,341124,34112.4,1061768,106176.8,40422.8823,4042.28823,9249.441,924.9441,49672.3233,4967.232330000001,1402892,140289.2,0.4533641,0.193961,0.620067,2.220699,0.2220699,0.549582,3.8704344087985447,5
2025-06-20,0.0835428,0.0498089647348301,0.030679,0.155219,11.827796697616575,1.8714203031238823,9.96515154838562,14.528632164001465,360294,36029.4,156700,15670.0,44445.852,4444.5852,7813.570500000001,781.3570500000001,52259.4225,5225.94225,516994,51699.4,0.4057274999999999,0.22047,0.617088,1.82061,0.182061,0.538067,2.860796603402526,5
2025-06-21,0.0307825,0.0063012601076645,0.020402,0.039924,9.718351066112518,0.2652861995753164,9.266659617424011,10.058283805847168,266840,26684.0,1002722,100272.2,31217.64,3121.764,4982.1549,498.21548999999993,36199.7949,3619.97949,1269562,126956.2,0.382151,0.176944,0.512034,2.024494,0.2024493999999999,0.491255,7.323034165075978,5
2025-06-22,0.0314254,0.0056406402355288,0.020147,0.039517,9.60472971200943,0.4007946576623955,8.91275703907013,10.244548320770264,264816,26481.6,123968,12396.8,33903.923,3390.3923000000004,6167.9828,616.79828,40071.9058,4007.19058,388784,38878.4,0.4530599999999999,0.183042,0.644828,1.667803,0.1667803,0.497341,5.903555647035604,5
2025-06-23,0.078099,0.0475367894395721,0.028727,0.147119,11.622905731201172,1.7300220337379089,9.872019290924072,14.062970876693726,347945,34794.5,2762395,276239.5,35571.731,3557.1731,10089.4652,1008.94652,45661.1962,4566.11962,3110340,311034.0,0.4538862,0.186777,0.64385,2.169973,0.2169972999999999,0.545105,3.020286445690322,5
2025-06-24,0.0759769,0.0374216330882136,0.036282,0.122803,11.362135410308838,1.5023541490935857,9.406358003616331,13.317912817001345,329210,32921.0,140754,14075.4,31725.475,3172.5475,6962.1961,696.21961,38687.6711,3868.76711,469964,46996.4,0.3937012,0.174625,0.600676,1.702854,0.1702854,0.548347,2.7158176503339777,5
2025-06-25,0.0781061,0.0512593814924535,0.026119,0.147116,11.418946087360382,2.008456147204432,9.229406714439392,14.435499906539915,373525,37352.5,940099,94009.9,44277.369,4427.7369,14707.2381,1470.72381,58984.6071,5898.46071,1313624,131362.4,0.3989026,0.262966,0.520495,2.278521,0.2278521,0.530807,4.224427807142413,5
2025-06-26,0.074942,0.0439454965711947,0.03038,0.156165,11.315569281578064,1.811895189652566,9.49949026107788,14.621764421463013,375454,37545.4,2723075,272307.5,36253.6555,3625.36555,12895.6382,1289.56382,49149.2937,4914.92937,3098529,309852.9,0.3554936,0.189922,0.584053,1.911952,0.1911951999999999,0.546917,3.7741375345041392,5
2025-06-27,0.0682924999999999,0.0403835686889551,0.026001,0.135538,11.096708476543428,1.600510051902423,8.987262845039368,13.504177331924438,342411,34241.1,129070,12907.0,35829.208,3582.9208,7900.393,790.0393,43729.601,4372.9601,471481,47148.1,0.3755605,0.227623,0.522943,2.1882710000000003,0.2188271,0.542806,4.056636831470362,5
2025-06-28,0.0318881,0.0060051725009916,0.021572,0.037786,9.540468454360962,0.2553251030102768,9.28528606891632,9.96515154838562,269513,26951.3,2642268,264226.8,42220.387,4222.0387,7387.8952,738.78952,49608.2822,4960.82822,2911781,291178.1,0.4230352,0.282156,0.607349,1.826718,0.1826718,0.543114,5.2906056464702,5
2025-06-29,0.0279052,0.0046532932615275,0.02153,0.034291,9.492971003055573,0.3647396052492747,8.800998330116272,10.058283805847168,258302,25830.2,1884366,188436.6,41043.5994,4104.35994,9079.7014,907.97014,50123.3008,5012.33008,2142668,214266.8,0.4034542,0.189579,0.621498,2.03917,0.203917,0.522083,6.601140013587751,5
2025-06-30,0.0757268,0.0439072463895324,0.027859,0.144015,11.207535862922668,1.8891146308632785,9.015202522277832,14.34236764907837,379534,37953.4,1790354,179035.4,43045.708,4304.5708,8752.0764,875.20764,51797.7844,5179.77844,2169888,216988.8,0.4217405,0.189087,0.556323,1.856745,0.1856745,0.541384,3.233914552251508,5
2025-07-01,0.0700824,0.0380965410392538,0.025725,0.131376,11.220574378967283,1.5525569117875495,9.201467037200928,13.87670636177063,409932,40993.2,1864256,186425.6,38543.628,3854.3628,10617.0754,1061.70754,49160.7034,4916.07034,2274188,227418.8,0.3996899,0.210935,0.562483,2.324122,0.2324122,0.543502,4.5524488064184085,5
2025-07-02,0.069626,0.0409485087314951,0.028412,0.131681,10.984949767589567,1.7057941270133905,9.173527359962463,13.597309589385986,389552,38955.2,1020693,102069.3,36813.2536,3681.32536,9781.6872,978.16872,46594.9408,4659.49408,1410245,141024.5,0.4048889,0.199396,0.619594,1.821944,0.1821944,0.538702,3.828818700663704,5
2025-07-03,0.0669703,0.0337459973628149,0.032229,0.116929,11.11067831516266,1.3309552169594774,9.49949026107788,13.131648302078249,321594,32159.4,991765,99176.5,35601.969,3560.1969,10204.4191,1020.44191,45806.3881,4580.63881,1313359,131335.9,0.3582456,0.178512,0.555928,2.082221,0.2082221,0.524266,3.232191908194538,5
2025-07-04,0.0867255,0.0514670120546485,0.033908,0.154677,11.809170246124268,1.9677151212460184,9.406358003616331,14.435499906539915,386772,38677.2,1071630,107163.0,42628.079,4262.8079,7282.722400000001,728.27224,49910.8014,4991.08014,1458402,145840.2,0.4010174,0.216454,0.648107,1.88053,0.188053,0.495129,3.104324479579792,5
2025-07-05,0.0294702,0.0039391950333933,0.023945,0.036885,9.61311161518097,0.3260900092556051,9.182840585708618,10.058283805847168,233917,23391.7,1910804,191080.4,32078.339,3207.8339,12611.1359,1261.11359,44689.4749,4468.9474900000005,2144721,214472.1,0.4793423,0.256468,0.628192,2.142161,0.2142161,0.543517,6.856606597475079,5
2025-07-06,0.0283392,0.005531976777488,0.020807,0.038783,9.485520422458649,0.4624266419102565,8.745118975639343,10.151416063308716,257748,25774.8,967894,96789.4,31333.357,3133.3357,6695.3166,669.53166,38028.6736,3802.86736,1225642,122564.2,0.3430896,0.1994,0.591792,1.724348,0.1724348,0.546626,5.797035288273573,5
2025-07-07,0.0836172,0.0529544101736998,0.027377,0.15673,11.762604117393494,2.06719581462811,9.872019290924072,14.621764421463013,331925,33192.5,1757995,175799.5,33085.149,3308.5149,13587.9766,1358.79766,46673.1256,4667.31256,2089920,208992.0,0.482403,0.222862,0.646096,2.249249,0.2249248999999999,0.545359,3.2780942650179865,5
2025-07-08,0.0667304,0.0433786649305341,0.025985,0.156994,10.997988283634186,1.606071412974448,9.30391252040863,14.435499906539915,305693,30569.3,927380,92738.0,33202.97,3320.297,12299.7134,1229.97134,45502.6834,4550.2683400000005,1233073,123307.3,0.4022036,0.18854,0.628052,1.808566,0.1808565999999999,0.52824,4.068945010376551,5
2025-07-09,0.0680205,0.0394134582097987,0.02775,0.140941,11.175870895385742,1.424649594424139,9.592622518539429,13.87670636177063,360853,36085.3,1769525,176952.5,34268.2592,3426.82592,11735.894,1173.5894,46004.1532,4600.41532,2130378,213037.8,0.4031977,0.181493,0.63661,2.019573,0.2019572999999999,0.512249,3.5543850118510987,5
2025-07-10,0.0815359,0.045490177163012,0.025959,0.150165,11.604279279708862,1.8445517009694192,9.406358003616331,14.621764421463013,347084,34708.4,1047725,104772.5,37045.0099,3704.50099,14470.57,1447.057,51515.5799,5151.557989999999,1394809,139480.9,0.4195074,0.221391,0.63469,1.823502,0.1823502,0.540979,3.064662786590973,5
2025-07-11,0.0901996,0.0545052614854749,0.029969,0.155066,11.865049600601196,2.254151238978644,9.220093488693236,14.71489667892456,354211,35421.1,1018993,101899.3,33621.595,3362.1595,10403.6473,1040.36473,44025.2423,4402.52423,1373204,137320.4,0.3824307,0.207921,0.567146,2.207538,0.2207538,0.543196,3.5445725982399177,5
2025-07-12,0.0319703,0.0063021286007189,0.021722,0.038648,9.665265679359436,0.3571500310221231,9.015202522277832,10.244548320770264,232600,23260.0,1886064,188606.4,30279.8097,3027.98097,9968.5058,996.85058,40248.3155,4024.83155,2118664,211866.4,0.3919022,0.202136,0.581452,1.712886,0.1712886,0.506085,5.003001976232379,5
2025-07-13,0.0296893,0.0061587890232847,0.022737,0.037659,9.46037471294403,0.3461046639786656,8.87550413608551,10.244548320770264,285619,28561.9,1869590,186959.0,31177.267,3117.7267,6641.9862,664.19862,37819.2532,3781.92532,2155209,215520.9,0.4516312,0.223584,0.565303,2.079591,0.2079590999999999,0.536138,6.699958420994625,5
2025-07-14,0.0812078,0.0459615231780284,0.033722,0.156304,11.548399925231934,1.813357306831856,9.685754776000977,14.528632164001465,384563,38456.3,115798,11579.8,39873.903,3987.3903,7376.4609,737.64609,47250.3639,4725.03639,500361,50036.1,0.4574474999999999,0.197594,0.631364,1.771587,0.1771587,0.542535,2.7703504343079595,5
2025-07-15,0.0845681,0.049507112794134,0.027424,0.159258,11.628493666648865,2.080038076975882,8.996576070785522,14.71489667892456,337119,33711.9,1876515,187651.5,43407.44,4340.744000000001,14431.9137,1443.19137,57839.3537,5783.93537,2213634,221363.4,0.3836986999999999,0.220794,0.58683,2.137292,0.2137292,0.497775,3.00157936925118,5
2025-07-16,0.075456,0.0446429958796574,0.027073,0.13535,11.278316378593445,1.5807811888887695,9.685754776000977,13.224780559539797,332791,33279.1,1005761,100576.1,40158.941,4015.8941,14921.6249,1492.1624900000002,55080.5659,5508.05659,1338552,133855.2,0.4436116,0.190188,0.637891,2.016744,0.2016744,0.524185,4.053719593241661,5
2025-07-17,0.0755732,0.0422185814088746,0.031792,0.15374,11.390075087547302,1.5497498677173325,9.778887033462524,14.34236764907837,383968,38396.8,141445,14144.5,28601.5463,2860.15463,12286.9145,1228.6914499999998,40888.4608,4088.84608,525413,52541.3,0.368531,0.186032,0.587193,2.100235,0.2100235,0.481032,3.292805358234581,5
2025-07-18,0.0617417,0.0282890452651041,0.027703,0.107447,10.68226993083954,1.1813488208075298,9.49949026107788,12.57285475730896,347174,34717.4,140665,14066.5,32745.312,3274.5312,11183.2754,1118.32754,43928.5874,4392.85874,487839,48783.9,0.4147368,0.239803,0.592813,1.788567,0.1788567,0.517134,3.3456940940135795,5
2025-07-19,0.0290937,0.0056782717646598,0.020434,0.036064,9.413808584213257,0.3152404249570869,8.903443813323975,9.872019290924072,242737,24273.7,932616,93261.6,45448.944,4544.8944,14384.9823,1438.49823,59833.9263,5983.39263,1175353,117535.3,0.4381809,0.268257,0.573859,2.253517,0.2253517,0.549798,8.054229996066208,5
2025-07-20,0.0286722,0.0058088693832028,0.021993,0.039166,9.587034583091736,0.3070446848713601,9.266659617424011,10.244548320770264,248737,24873.7,1061452,106145.2,29761.585,2976.1585,7420.9222,742.09222,37182.5072,3718.25072,1310189,131018.9,0.3666144,0.220926,0.629587,1.833331,0.1833331,0.527029,6.110593249603168,5
2025-07-21,0.0803933999999999,0.0558501261377268,0.025779,0.158664,11.473894119262695,1.954939529660647,9.49949026107788,14.156103134155272,385563,38556.3,932186,93218.6,36089.527,3608.9527,10471.0303,1047.10303,46560.5573,4656.05573,1317749,131774.9,0.4823388999999999,0.231789,0.625406,2.071292,0.2071291999999999,0.528009,3.138407268952977,5
2025-07-22,0.0761932999999999,0.0468054693908735,0.027211,0.153866,11.34723424911499,1.7415438856467609,8.977949619293213,14.062970876693726,363946,36394.6,929645,92964.5,41238.896,4123.8896,10162.22,1016.222,51401.116,5140.1116,1293591,129359.1,0.424276,0.271883,0.617451,1.994349,0.1994349,0.539098,3.309856788078944,5
2025-07-23,0.0759637,0.0485449606425722,0.026563,0.157217,11.295080184936523,2.0101269708231277,9.033828973770142,14.435499906539915,370555,37055.5,1918975,191897.5,35483.718,3548.3718,11491.9482,1149.19482,46975.6662,4697.56662,2289530,228953.0,0.4485108,0.221451,0.637585,2.212246,0.2212246,0.536312,3.704171998874229,5
2025-07-24,0.0775486,0.046237933563976,0.025476,0.143327,11.352822184562685,1.7135941693401384,9.406358003616331,13.87670636177063,358626,35862.6,133781,13378.1,32144.5252,3214.45252,10632.3622,1063.23622,42776.8874,4277.68874,492407,49240.7,0.3537954,0.174686,0.525859,1.742397,0.1742397,0.511868,3.2303785838203085,5
2025-07-25,0.0747325,0.0426151071758726,0.025153,0.134856,11.30625605583191,1.6322223393259274,9.406358003616331,13.783574104309082,338630,33863.0,923369,92336.9,36787.053,3678.7053,7998.3644,799.83644,44785.4174,4478.54174,1261999,126199.9,0.3685418,0.190624,0.575022,1.99702,0.199702,0.538177,3.1677806503315,5
2025-07-26,0.0310876,0.0065081761602874,0.022769,0.03991,9.459443390369415,0.440564689905785,8.847564458847046,10.151416063308716,249301,24930.1,132061,13206.1,44483.893,4448.389300000001,13050.4454,1305.04454,57534.3384,5753.43384,381362,38136.2,0.4325872999999999,0.235705,0.634325,1.681109,0.1681109,0.52995,5.441527062676164,5
2025-07-27,0.0303373,0.0068449469286149,0.021071,0.039821,9.614042937755585,0.4286344066293522,8.977949619293213,10.337680578231812,256668,25666.8,1914417,191441.7,29943.286,2994.3286,6108.2599,610.82599,36051.545900000005,3605.154590000001,2171085,217108.5,0.3956036,0.204468,0.5529,2.067349,0.2067349,0.523175,7.766515998638235,5
2025-07-28,0.0752662,0.0482744616721236,0.025247,0.143136,11.296942830085754,1.7801286254025044,9.49949026107788,13.690441846847534,386170,38617.0,1029413,102941.3,39444.107,3944.4107,9713.7273,971.37273,49157.8343,4915.78343,1415583,141558.3,0.4206119,0.214194,0.631861,1.816285,0.1816285,0.514751,3.592384340581179,5
2025-07-29,0.0661559,0.0407159478622593,0.02687,0.155407,10.873191058635712,1.6754102257551644,9.080395102500916,14.808028936386108,353251,35325.1,1982140,198214.0,36243.104,3624.3104,8966.0446,896.6044599999999,45209.1486,4520.91486,2335391,233539.1,0.4394997,0.211887,0.630947,2.043563,0.2043563,0.518091,3.3529826398228457,5
2025-07-30,0.065335,0.0359212367858098,0.02502,0.118102,10.965391993522644,1.4904019562601465,8.977949619293213,13.317912817001345,343971,34397.1,2770451,277045.1,30605.7447,3060.57447,9671.3997,967.13997,40277.1444,4027.71444,3114422,311442.2,0.418554,0.221106,0.616023,1.751262,0.1751262,0.51591,3.300543926813526,5
2025-07-31,0.0755201,0.0475422480150257,0.031254,0.154715,11.436641216278076,1.7993790580042517,9.685754776000977,14.34236764907837,378446,37844.6,143686,14368.6,36093.134,3609.3134,11653.2878,1165.32878,47746.4218,4774.642180000001,522132,52213.2,0.3938193,0.183354,0.646931,2.297865,0.2297864999999999,0.528111,3.7869763463468553,5
2025-08-01,0.0714214,0.044355741009354,0.025055,0.134018,11.014752089977264,1.7366165383947698,9.07108187675476,13.690441846847534,369202,36920.2,121687,12168.7,31578.144,3157.8144,9942.459,994.2459,41520.603,4152.0603,490889,49088.9,0.4181091999999999,0.228901,0.629093,1.605712,0.1605712,0.48213,2.770159649790575,5
2025-08-02,0.0301664,0.0056702835359246,0.023559,0.036958,9.41287726163864,0.1710554482131643,9.164214134216309,9.778887033462524,260993,26099.3,148974,14897.4,38180.614,3818.0614,11510.903,1151.0903,49691.517,4969.1517,409967,40996.7,0.3685844,0.185015,0.628952,2.199833,0.2199833,0.542544,6.5895977384746,5
2025-08-03,0.0304257,0.0070492468005848,0.021391,0.03943,9.549781680107117,0.3036359174020439,9.145587682724,10.058283805847168,276041,27604.1,125609,12560.9,40189.107,4018.9107,10595.4372,1059.54372,50784.5442,5078.45442,401650,40165.0,0.4182194,0.231134,0.644311,1.635792,0.1635791999999999,0.49698,5.643094130299181,5
2025-08-04,0.0754569,0.0463495254595149,0.026305,0.138332,11.175870895385742,1.7334723979624256,9.313225746154783,13.504177331924438,377641,37764.1,947878,94787.8,34303.0078,3430.30078,8102.669800000001,810.2669800000001,42405.6776,4240.56776,1325519,132551.9,0.4411059,0.212134,0.633464,2.023099,0.2023099,0.506488,3.282336784821478,5
2025-08-05,0.0727712,0.0429972954751549,0.026633,0.138315,11.363998055458069,1.817189369470836,9.145587682724,13.690441846847534,324923,32492.3,143584,14358.4,42459.239,4245.9239,10403.9908,1040.39908,52863.2298,5286.32298,468507,46850.7,0.3888544,0.21511,0.649817,1.764937,0.1764937,0.498031,3.6374693705815977,5
2025-08-06,0.0732922,0.0412700834309794,0.026849,0.136631,11.24851405620575,1.6034972033501542,9.294599294662476,13.690441846847534,353162,35316.2,1071888,107188.8,35328.545,3532.8545,14498.46,1449.846,49827.005,4982.7005,1425050,142505.0,0.3726166,0.186384,0.599782,2.1352520000000004,0.2135252,0.545151,3.446835007086084,5
2025-08-07,0.0666659,0.03518460963878,0.029723,0.133757,11.03617250919342,1.4105429640457443,9.49949026107788,13.504177331924438,391908,39190.8,122355,12235.5,31732.265,3173.2265,11566.7666,1156.67666,43299.0316,4329.90316,514263,51426.3,0.446396,0.23583,0.621157,1.716261,0.1716261,0.456314,3.1351884022366714,5
2025-08-08,0.07318,0.0439085682754516,0.032538,0.138797,11.445954442024233,1.7781785706372415,9.313225746154783,14.156103134155272,364101,36410.1,1840049,184004.9,36610.7796,3661.07796,8015.7624,801.57624,44626.542,4462.6542,2204150,220415.0,0.4465313,0.244304,0.642443,2.079089,0.2079088999999999,0.531216,3.566117761110561,5
2025-08-09,0.0293644999999999,0.003342853147637,0.023328,0.033865,9.508803486824036,0.2315231206762801,9.164214134216309,9.96515154838562,230060,23006.0,2843211,284321.1,34872.8428,3487.28428,11023.4054,1102.34054,45896.2482,4589.62482,3073271,307327.1,0.3841169,0.175537,0.645206,1.860905,0.1860905,0.492403,6.085874965091523,5
2025-08-10,0.0301553,0.0066547071736227,0.020473,0.03969,9.504146873950958,0.4694795774597864,8.717179298400879,10.151416063308716,282462,28246.2,995351,99535.1,42708.785,4270.8785,10946.6506,1094.66506,53655.4356,5365.54356,1277813,127781.3,0.4075043,0.18121,0.554334,2.110605,0.2110605,0.53617,7.052647436045322,5
2025-08-11,0.0620757,0.0361861744134106,0.025029,0.151483,10.80334186553955,1.3352566192303208,9.778887033462524,13.969838619232178,364186,36418.6,942579,94257.9,36607.974,3660.7974,15538.0142,1553.80142,52145.9882,5214.59882,1306765,130676.5,0.4538242,0.229909,0.63058,1.94366,0.194366,0.545846,3.7262260839074655,5
2025-08-12,0.0653108,0.025685584590064,0.039241,0.108158,11.05479896068573,1.0637300287051663,9.778887033462524,12.945383787155151,379565,37956.5,1775083,177508.3,37670.56,3767.056,9151.1058,915.11058,46821.6658,4682.16658,2154648,215464.8,0.3669329,0.192503,0.550585,2.341728,0.2341728,0.526035,3.956669101600551,5
2025-08-13,0.0730910999999999,0.0498966191628027,0.028785,0.157097,11.214055120944977,2.022380784383535,9.136274456977844,14.621764421463013,374116,37411.6,1771632,177163.2,44209.101,4420.9101,11881.8805,1188.18805,56090.9815,5609.09815,2145748,214574.8,0.4176372,0.204297,0.593702,1.911128,0.1911128,0.513482,3.4710640807497297,5
2025-08-14,0.0765055,0.0394555093076014,0.03259,0.121979,11.310912668704988,1.654456101388044,9.266659617424011,13.41104507446289,380070,38007.0,986779,98677.9,37078.42,3707.842,9345.6344,934.56344,46424.0544,4642.40544,1366849,136684.9,0.3801472,0.174581,0.606184,2.01985,0.201985,0.530337,2.7226494131699246,5
2025-08-15,0.0789501,0.0500939113054448,0.026149,0.158886,11.52046024799347,2.0390317075230078,9.313225746154783,14.435499906539915,384570,38457.0,140003,14000.3,27239.569,2723.9569,5164.7604,516.47604,32404.3294,3240.43294,524573,52457.3,0.4024802,0.204566,0.643531,1.6848729999999998,0.1684872999999999,0.533487,2.833339917538331,5
2025-08-16,0.0280381,0.0052679177090088,0.020463,0.036014,9.52836126089096,0.3052582496553091,9.052455425262451,9.96515154838562,244793,24479.3,123011,12301.1,46507.7666,4650.77666,9033.4325,903.34325,55541.1991,5554.119909999999,367804,36780.4,0.3845444999999999,0.170675,0.594897,2.111025,0.2111024999999999,0.513289,6.881486813156228,5
2025-08-17,0.0275788,0.0061872763313108,0.021128,0.03698,9.471550583839417,0.3136528268534714,8.987262845039368,10.058283805847168,258954,25895.4,905956,90595.6,39708.068,3970.8068,10154.58,1015.458,49862.648,4986.2648,1164910,116491.0,0.432517,0.230236,0.641525,1.905016,0.1905016,0.548066,7.232564709625566,5
2025-08-18,0.0790269,0.0446890455044634,0.031944,0.140843,11.48320734500885,1.8455180297216207,9.406358003616331,14.062970876693726,356103,35610.3,1070526,107052.6,37375.0917,3737.50917,13597.7769,1359.77769,50972.8686,5097.28686,1426629,142662.9,0.4319176999999999,0.261804,0.599548,2.127327,0.2127327,0.518421,3.1442976464257613,5
2025-08-19,0.0684946999999999,0.0396524208958293,0.034595,0.149184,11.026859283447266,1.6856681327147438,9.406358003616331,14.435499906539915,378662,37866.2,1933645,193364.5,26588.412,2658.8412,10542.0625,1054.20625,37130.4745,3713.04745,2312307,231230.7,0.4596736,0.266967,0.631862,1.760768,0.1760767999999999,0.52938,3.1979634912110093,5
2025-08-20,0.0751273,0.0440203703680971,0.030199,0.149052,11.294148862361908,1.9093907194886215,9.28528606891632,14.528632164001465,341424,34142.4,149267,14926.7,34882.421,3488.2421000000004,9793.9434,979.39434,44676.3644,4467.63644,490691,49069.1,0.3150793,0.175121,0.591194,2.054357,0.2054357,0.49871,3.1427665858895444,5
2025-08-21,0.0854202,0.0506306294204517,0.036873,0.154193,11.743977665901184,1.992367732289185,9.592622518539429,14.621764421463013,344641,34464.1,946233,94623.3,39524.349,3952.4349,12252.9598,1225.29598,51777.3088,5177.73088,1290874,129087.4,0.3999102,0.206224,0.578982,1.883348,0.1883348,0.51047,3.10585629186814,5
2025-08-22,0.0724293,0.0448728272963345,0.026169,0.144787,11.390075087547302,1.6602346911809498,9.406358003616331,13.87670636177063,404642,40464.2,136695,13669.5,43555.077,4355.5077,8443.6342,844.36342,51998.7112,5199.87112,541337,54133.7,0.3768284,0.193325,0.614821,2.200147,0.2200146999999999,0.540416,4.054880428886376,5
2025-08-23,0.0272619999999999,0.003354229502517,0.023333,0.033988,9.320676326751707,0.2767210674500117,8.977949619293213,9.778887033462524,253318,25331.8,1058875,105887.5,37585.0806,3758.50806,9902.8158,990.28158,47487.8964,4748.78964,1312193,131219.3,0.4311351,0.235226,0.599243,1.780807,0.1780807,0.541117,6.447164369296324,5
2025-08-24,0.029242,0.0062068995480835,0.020067,0.038794,9.451992809772491,0.3197224355014693,8.838251233100891,9.872019290924072,267870,26787.0,133758,13375.8,37481.461,3748.1461,9507.6568,950.76568,46989.1178,4698.91178,401628,40162.8,0.36475,0.236524,0.528519,2.125811,0.2125811,0.494178,7.888427847952686,5
2025-08-25,0.0656738,0.033707624722012,0.032502,0.129305,11.01754605770111,1.3467910532768763,9.49949026107788,13.783574104309082,372490,37249.0,998651,99865.1,34151.575,3415.1575,12622.0433,1262.20433,46773.6183,4677.36183,1371141,137114.1,0.3257252,0.184285,0.581634,1.833111,0.1833111,0.506595,3.3334776556064085,5
2025-08-26,0.0703308,0.0390926495784906,0.026868,0.138374,11.278316378593445,1.5412692994079105,9.592622518539429,14.156103134155272,357459,35745.9,136678,13667.8,31433.662,3143.3662,9676.2529,967.62529,41109.9149,4110.991489999999,494137,49413.7,0.3770833,0.176731,0.614531,2.210121,0.2210121,0.517267,3.4973776199212074,5
2025-08-27,0.0681721999999999,0.0300537835436553,0.038453,0.121941,11.119991540908812,1.15005664073813,9.872019290924072,12.852251529693604,363221,36322.1,126083,12608.3,38196.924,3819.6924,10326.6543,1032.66543,48523.5783,4852.35783,489304,48930.4,0.3613168,0.195832,0.494368,1.817049,0.1817049,0.544437,3.0216423617714723,5
2025-08-28,0.070923,0.044349327525905,0.026608,0.153808,11.175870895385742,1.7043174842137594,9.313225746154783,14.528632164001465,386898,38689.8,1043864,104386.4,48696.691,4869.6691,12276.3756,1227.63756,60973.0666,6097.30666,1430762,143076.2,0.3613712,0.185312,0.611369,2.282092,0.2282092,0.535927,4.391534735340682,5
2025-08-29,0.072197,0.0383412043629304,0.033337,0.137145,11.203810572624208,1.6890094008749208,9.406358003616331,13.969838619232178,368355,36835.5,136962,13696.2,36118.1728,3611.81728,11776.9531,1177.6953099999998,47895.1259,4789.51259,505317,50531.7,0.438088,0.234752,0.649682,1.7678170000000002,0.1767817,0.514301,3.297766908686602,5
2025-08-30,0.0311253,0.0056844792598403,0.020926,0.037829,9.639188647270204,0.2679520054042349,9.220093488693236,10.058283805847168,238143,23814.3,958452,95845.2,24621.7524,2462.17524,8301.5934,830.1593399999999,32923.3458,3292.33458,1196595,119659.5,0.4161607,0.183053,0.638285,1.975178,0.1975178,0.539197,6.046382754165117,5
2025-08-31,0.0317161,0.0049122694110427,0.026209,0.038713,9.478069841861725,0.2860792938868391,8.977949619293213,9.778887033462524,267056,26705.6,2792769,279276.9,38756.4232,3875.64232,6567.3612,656.73612,45323.7844,4532.37844,3059825,305982.5,0.4735506,0.188109,0.59348,1.708614,0.1708614,0.526105,5.368426374043971,5
2025-09-01,0.0736903,0.044619569209659,0.026435,0.139623,11.272728443145752,1.7551701276819622,9.257346391677856,13.87670636177063,392409,39240.9,131488,13148.8,33478.6209,3347.86209,16225.8327,1622.58327,49704.4536,4970.44536,523897,52389.7,0.4461882,0.254741,0.596253,2.09647,0.209647,0.549993,3.672390157738291,5
2025-09-02,0.0688618,0.0362186260332074,0.033794,0.145635,10.876916348934174,1.4023576056828089,9.248033165931702,13.783574104309082,374667,37466.7,1032589,103258.9,33488.084,3348.8084000000003,9750.9947,975.09947,43239.0787,4323.90787,1407256,140725.6,0.3407193,0.193863,0.535258,1.7734910000000002,0.1773491,0.50588,3.11163264338154,5
2025-09-03,0.0851627,0.053861184834618,0.031263,0.15736,11.71603798866272,1.9794347908109904,9.685754776000977,14.435499906539915,330953,33095.3,957899,95789.9,44830.875,4483.0875,12045.2704,1204.52704,56876.1454,5687.61454,1288852,128885.2,0.3738419,0.247992,0.530901,2.26742,0.226742,0.532534,3.584226955998497,5
2025-09-04,0.0779938999999999,0.0475221858491144,0.030139,0.159583,11.475756764411926,1.892914501187231,9.238719940185549,14.994293451309204,343003,34300.3,123200,12320.0,31172.6995,3117.2699500000003,5060.7709,506.07709000000006,36233.4704,3623.34704,466203,46620.3,0.4154502,0.250133,0.557679,1.792058,0.1792058,0.535426,3.3108301715434783,5
2025-09-05,0.0753247,0.0420237719367132,0.025669,0.125679,11.30625605583191,1.6879534755926964,8.940696716308594,13.131648302078249,346961,34696.1,122156,12215.6,42643.431,4264.3431,9722.8928,972.28928,52366.3238,5236.63238,469117,46911.7,0.3099816,0.186821,0.575357,2.172756,0.2172756,0.549785,3.2105340689417496,5
2025-09-06,0.0317775,0.0057834080542723,0.023801,0.03935,9.669922292232512,0.4085111529985854,9.005889296531677,10.244548320770264,274946,27494.6,1824931,182493.1,27660.9942,2766.09942,6660.5473,666.0547300000001,34321.5415,3432.15415,2099877,209987.7,0.4015482999999999,0.222064,0.638843,1.693272,0.1693272,0.514827,5.523237826457083,5
2025-09-07,0.0345387,0.0053603887721777,0.021298,0.039904,9.689480066299438,0.288131932661398,9.257346391677856,10.151416063308716,256886,25688.6,129032,12903.2,35121.679000000004,3512.1679000000004,11075.7237,1107.57237,46197.4027,4619.74027,385918,38591.8,0.3964668,0.238078,0.607871,1.9994,0.19994,0.547766,6.098061329357601,5
2025-09-08,0.0696247,0.0399714924916634,0.025278,0.138343,11.07342541217804,1.535631407121378,9.313225746154783,13.690441846847534,370871,37087.1,1066377,106637.7,40489.006,4048.9006,11535.3701,1153.53701,52024.3761,5202.43761,1437248,143724.8,0.3424254,0.183164,0.625403,1.7853329999999998,0.1785332999999999,0.496121,3.533134864330461,5
2025-09-09,0.0713003,0.03360234553999,0.034283,0.127781,11.05479896068573,1.4514894631287656,9.778887033462524,13.690441846847534,372373,37237.3,1047405,104740.5,40755.2,4075.52,17043.8085,1704.38085,57799.0085,5779.90085,1419778,141977.8,0.3670119,0.212397,0.638463,2.26009,0.226009,0.533791,3.527644236187657,5
2025-09-10,0.0684636,0.0385860293261117,0.034082,0.146181,10.812655091285706,1.4161344257363535,9.49949026107788,13.597309589385986,392328,39232.8,944901,94490.1,40143.4206,4014.34206,14780.9852,1478.09852,54924.4058,5492.44058,1337229,133722.9,0.4407244999999999,0.253499,0.624721,1.911833,0.1911833,0.520341,3.220734931891127,5
2025-09-11,0.0791229,0.0501554672580943,0.028881,0.158469,11.39659434556961,2.0534016640333834,9.099021553993223,14.808028936386108,357779,35777.9,954333,95433.3,38960.8536,3896.08536,11113.4907,1111.34907,50074.3443,5007.434429999999,1312112,131211.2,0.4406704,0.239702,0.625552,2.239247,0.2239247,0.529993,3.768226053318721,5
2025-09-12,0.0798634,0.051927550022871,0.026744,0.146608,11.511147022247314,1.9021692029842787,9.406358003616331,14.062970876693726,339163,33916.3,937853,93785.3,47871.6941,4787.16941,6577.7913,657.77913,54449.4854,5444.948539999999,1277016,127701.6,0.4078452,0.190972,0.603568,1.900474,0.1900474,0.536765,3.469853259239602,5
2025-09-13,0.0310136,0.0058900906840783,0.022552,0.039754,9.642913937568665,0.4596034706126216,8.950009942054749,10.244548320770264,289864,28986.4,1031550,103155.0,37315.382,3731.5382,7047.968699999999,704.7968699999999,44363.3507,4436.33507,1321414,132141.4,0.4464774,0.183103,0.584719,2.117398,0.2117398,0.518145,6.647328844334169,5
2025-09-14,0.0296833,0.0052061555884463,0.022855,0.036897,9.40077006816864,0.3984832206113596,8.931383490562439,10.058283805847168,255686,25568.6,1856953,185695.3,37700.137,3770.0137,7671.0655,767.10655,45371.2025,4537.12025,2112639,211263.9,0.3358368,0.199648,0.581099,1.60769,0.160769,0.523989,5.835985617989731,5
2025-09-15,0.0666718,0.0361025863979607,0.030365,0.143559,11.008232831954956,1.3242404189419932,9.592622518539429,13.597309589385986,368120,36812.0,923174,92317.4,38542.085,3854.2085,13390.2235,1339.02235,51932.3085,5193.23085,1291294,129129.4,0.4192996,0.241063,0.631874,2.104614,0.2104613999999999,0.542238,3.922144405501841,5
2025-09-16,0.0816632,0.0539984668975785,0.025291,0.149245,11.484138667583466,2.234736285222743,8.922070264816284,14.435499906539915,360452,36045.2,124760,12476.0,35653.721,3565.3721,13359.1947,1335.91947,49012.9157,4901.291569999999,485212,48521.2,0.4962582,0.268382,0.637764,1.737941,0.1737941,0.521065,3.761472563938385,5
2025-09-17,0.069357,0.0394316052453133,0.031491,0.154588,11.175870895385742,1.5284286967281464,9.778887033462524,14.621764421463013,371658,37165.8,150101,15010.1,37404.2563,3740.42563,8679.0664,867.9066399999999,46083.3227,4608.33227,521759,52175.9,0.333594,0.198712,0.568508,2.064925,0.2064925,0.463174,3.336213492590577,5
2025-09-18,0.0620615,0.0358356723523424,0.026327,0.13569,10.873191058635712,1.5054381226801936,8.987262845039368,13.969838619232178,364661,36466.1,1032480,103248.0,40577.423,4057.7423,13317.7379,1331.77379,53895.1609,5389.51609,1397141,139714.1,0.4134547,0.196023,0.641179,1.785003,0.1785003,0.52216,3.5683224534732125,5
2025-09-19,0.0772502,0.0450177600553381,0.028198,0.155811,11.352822184562685,1.8752529446408872,9.49949026107788,14.156103134155272,364291,36429.1,934461,93446.1,31051.576,3105.1576,11567.5978,1156.75978,42619.1738,4261.917380000001,1298752,129875.2,0.3560554999999999,0.208618,0.54981,2.224067,0.2224066999999999,0.546732,3.3175014567633694,5
2025-09-20,0.0287347,0.0044376587182882,0.02254,0.034396,9.424053132534029,0.3512909575767596,9.099021553993223,10.151416063308716,258108,25810.8,142511,14251.1,27558.4503,2755.84503,9510.7682,951.07682,37069.2185,3706.92185,400619,40061.9,0.3442852,0.221791,0.626608,1.586858,0.1586858,0.473419,5.417763842049953,5
2025-09-21,0.0302734,0.0074742166620396,0.020452,0.0386,9.587965905666351,0.357674485638782,9.043142199516296,10.244548320770264,268397,26839.7,3615067,361506.7,42306.282,4230.6282,9624.1387,962.41387,51930.4207,5193.04207,3883464,388346.4,0.4157148999999999,0.213645,0.63255,2.104458,0.2104457999999999,0.509798,7.843666353935587,5
2025-09-22,0.0618082,0.027967123833371,0.029371,0.117905,10.707415640354156,1.1528525457349432,9.28528606891632,12.945383787155151,345673,34567.3,1011409,101140.9,47243.668,4724.3668,5885.3271,588.53271,53128.9951,5312.89951,1357082,135708.2,0.4316505,0.235711,0.643631,1.736078,0.1736078,0.502075,3.3636642185384247,5
2025-09-23,0.0731381,0.0453753149201192,0.032162,0.153603,11.21312379837036,1.8797443904722444,9.406358003616331,14.435499906539915,343246,34324.6,150939,15093.9,35852.683,3585.2683,15707.2874,1570.72874,51559.9704,5155.99704,494185,49418.5,0.5027252,0.285565,0.649532,2.275322,0.2275322,0.549564,3.767589322147189,5
2025-09-24,0.0713509,0.0425269372658214,0.027209,0.14376,11.21312379837036,1.8335468623525968,9.406358003616331,14.34236764907837,382677,38267.7,122066,12206.6,25818.3973,2581.83973,7252.8914,725.2891400000001,33071.2887,3307.12887,504743,50474.3,0.4632388,0.241345,0.621368,1.72641,0.172641,0.497688,3.142217751264626,5
2025-09-25,0.0775358,0.0499280479307751,0.027179,0.149951,11.511147022247314,1.936812624719645,9.406358003616331,14.435499906539915,429771,42977.1,1035854,103585.4,34411.4456,3441.14456,7154.3631000000005,715.43631,41565.8087,4156.58087,1465625,146562.5,0.3727395,0.191154,0.519134,2.014433,0.2014433,0.537453,2.986865621110885,5
2025-09-26,0.0692059,0.0391591793026303,0.03187,0.139412,11.138617992401125,1.3933227611256958,9.313225746154783,13.317912817001345,327120,32712.0,1871301,187130.1,36156.682,3615.6682,10836.7025,1083.67025,46993.3845,4699.33845,2198421,219842.1,0.3774201,0.1868,0.583539,1.645655,0.1645654999999999,0.526043,2.70316131379531,5
2025-09-27,0.0334056,0.0050092654861876,0.021863,0.038669,9.714625775814056,0.3239447008498335,9.238719940185549,10.151416063308716,272653,27265.3,1826250,182625.0,28868.639,2886.8639,10052.5723,1005.25723,38921.2113,3892.12113,2098903,209890.3,0.4640024,0.184526,0.637464,1.972661,0.1972661,0.537874,5.820344396535487,5
2025-09-28,0.0271884999999999,0.0051019167476547,0.020371,0.03452,9.51625406742096,0.328621847708187,9.061768651008606,9.872019290924072,248418,24841.8,2669974,266997.4,25709.7107,2570.97107,10580.731,1058.0731,36290.4417,3629.04417,2918392,291839.2,0.4588326,0.221783,0.641374,1.6530170000000002,0.1653017,0.549415,6.760132071301433,5
2025-09-29,0.0827012,0.0489905832738406,0.029516,0.14684,11.725351214408876,1.8808976001371824,9.685754776000977,14.435499906539915,380131,38013.1,955704,95570.4,26995.525,2699.5525,13001.496,1300.1496,39997.021,3999.7021,1335835,133583.5,0.4402353,0.290453,0.541759,2.161524,0.2161524,0.529199,2.964108074928461,5
2025-09-30,0.0827721999999999,0.0513009783333179,0.027804,0.150249,11.71603798866272,1.9306326705812007,9.778887033462524,14.71489667892456,363251,36325.1,134351,13435.1,35901.986000000004,3590.1986000000006,8326.1227,832.61227,44228.1087,4422.810869999999,497602,49760.2,0.4318068,0.229227,0.639766,1.826403,0.1826403,0.511112,3.737005487063756,5
2025-10-01,0.071652,0.0475650765910359,0.02672,0.158732,11.082738637924194,1.8318641299918208,9.313225746154783,14.528632164001465,323290,32329.0,965394,96539.4,41354.976,4135.497600000001,10722.4295,1072.24295,52077.4055,5207.74055,1288684,128868.4,0.4171184999999999,0.18548,0.621668,2.300272,0.2300272,0.53085,3.88595550598399,5
2025-10-02,0.0816184,0.0508967899625201,0.027421,0.156733,11.488795280456545,2.012668314083484,9.275972843170166,14.435499906539915,355102,35510.2,981067,98106.7,33621.7074,3362.17074,9987.7867,998.77867,43609.4941,4360.949409999999,1336169,133616.9,0.3780324,0.20872,0.589329,1.759113,0.1759113,0.494912,2.752733874183416,5
2025-10-03,0.0724978,0.0386641830403511,0.033454,0.128392,11.259689927101135,1.5795614030758236,9.592622518539429,13.41104507446289,372769,37276.9,963661,96366.1,35247.8612,3524.78612,5176.9699,517.69699,40424.8311,4042.48311,1336430,133643.0,0.3638922,0.19522,0.648322,2.211317,0.2211317,0.544737,3.1909251463004478,5
2025-10-04,0.0294869999999999,0.0053090851691542,0.020291,0.038109,9.4464048743248,0.3435403676681287,8.87550413608551,9.96515154838562,249716,24971.6,992757,99275.7,34129.149,3412.9149,9075.1558,907.51558,43204.3048,4320.43048,1242473,124247.3,0.4019554,0.187394,0.625203,1.678582,0.1678582,0.541247,5.671438785178474,5
2025-10-05,0.0308717999999999,0.004825168984951,0.025617,0.037081,9.494833648204803,0.4214513351634547,9.015202522277832,10.244548320770264,258804,25880.4,1752258,175225.8,37500.211,3750.0211,10620.8599,1062.08599,48121.0709,4812.10709,2011062,201106.2,0.4521613999999999,0.294612,0.61373,2.031168,0.2031168,0.5106,6.469575913437095,5
2025-10-06,0.0717218,0.0501398251532651,0.025457,0.157118,11.18052750825882,2.077947658946109,9.164214134216309,14.808028936386108,376673,37667.3,1906219,190621.9,33008.5803,3300.8580300000003,11467.7916,1146.77916,44476.3719,4447.63719,2282892,228289.2,0.4308645,0.263203,0.623588,1.802709,0.1802708999999999,0.529075,3.191841999992873,5
2025-10-07,0.0587104,0.027705398905067,0.027985,0.126723,10.588206350803375,1.1052082596363988,9.024515748023989,13.0385160446167,373349,37334.9,1050906,105090.6,42165.3798,4216.537979999999,8572.2117,857.22117,50737.5915,5073.75915,1424255,142425.5,0.3945707,0.190639,0.626346,2.270948,0.2270947999999999,0.546632,4.059058880524102,5
2025-10-08,0.0870314,0.0561449760989846,0.031942,0.151542,11.73466444015503,2.309813504136885,9.313225746154783,14.621764421463013,396265,39626.5,947863,94786.3,37533.444,3753.3444,7458.4139,745.84139,44991.8579,4499.18579,1344128,134412.8,0.4104237,0.279063,0.583259,1.763015,0.1763015,0.546801,3.0733086674259376,5
2025-10-09,0.0694936999999999,0.0391923356199199,0.029387,0.142726,11.049211025238035,1.567054285220693,9.164214134216309,13.969838619232178,338721,33872.1,1064322,106432.2,32901.614,3290.1614,9399.6862,939.96862,42301.3002,4230.13002,1403043,140304.3,0.3602584,0.217151,0.599828,2.084559,0.2084559,0.523939,3.251267965853006,5
2025-10-10,0.0825579999999999,0.0558585549441125,0.025256,0.1599,11.62104308605194,2.299601212957851,8.922070264816284,14.901161193847656,380696,38069.6,2662103,266210.3,36363.314,3636.3314,13778.3626,1377.83626,50141.6766,5014.16766,3042799,304279.9,0.3956567,0.229929,0.581097,1.936162,0.1936162,0.50992,3.700455619944832,5
2025-10-11,0.0305939,0.004496420587534,0.023897,0.038849,9.538605809211733,0.2768603402292001,9.117648005485536,9.872019290924072,248482,24848.2,948012,94801.2,48882.055,4888.2055,5956.3572,595.63572,54838.4122,5483.84122,1196494,119649.4,0.4432964999999999,0.241166,0.617346,2.210352,0.2210352,0.533388,7.4326388597427,5
2025-10-12,0.0274125,0.0038909220058432,0.021136,0.033636,9.426847100257874,0.3521773325915285,8.959323167800903,10.058283805847168,283557,28355.7,134159,13415.9,37961.64,3796.164,8621.1305,862.1130499999999,46582.7705,4658.27705,417716,41771.6,0.3799366,0.204306,0.59936,1.830303,0.1830303,0.510708,6.635561118291555,5
2025-10-13,0.0840067999999999,0.0457074876744621,0.040122,0.153025,11.725351214408876,1.7895239339499285,9.872019290924072,14.621764421463013,374192,37419.2,1976039,197603.9,39640.422,3964.0422,10134.4452,1013.44452,49774.8672,4977.48672,2350231,235023.1,0.4739746,0.256847,0.608378,1.87768,0.187768,0.495446,2.5433498202039337,5
2025-10-14,0.0600268,0.0344154208452483,0.02583,0.107692,10.924413800239565,1.33384844403969,9.49949026107788,12.759119272232056,314543,31454.3,1014329,101432.9,37177.08,3717.708,12814.4121,1281.44121,49991.4921,4999.1492100000005,1328872,132887.2,0.3665668,0.19307,0.534786,1.768318,0.1768318,0.486026,4.027888816652029,5
2025-10-15,0.0778321,0.0528518955729646,0.027595,0.149394,11.343508958816528,1.90500433378601,9.49949026107788,13.87670636177063,374313,37431.3,132908,13290.8,32460.298,3246.0298,2165.5685,216.55685,34625.8665,3462.58665,507221,50722.1,0.4186582,0.177753,0.525909,1.979424,0.1979424,0.495494,3.1842196436322503,5
2025-10-16,0.0728146,0.0391154482361011,0.036438,0.13325,11.203810572624208,1.5227749077748738,9.49949026107788,13.597309589385986,418876,41887.6,998162,99816.2,29224.165,2922.4165000000003,10619.7418,1061.97418,39843.9068,3984.39068,1417038,141703.8,0.4314643999999999,0.172779,0.630861,1.712908,0.1712908,0.544859,2.8792604336620524,5
2025-10-17,0.0665774,0.0355428627409529,0.02907,0.125757,11.03617250919342,1.3878130010799263,9.313225746154783,13.41104507446289,357610,35761.0,1830442,183044.2,34901.3737,3490.1373699999995,15270.6784,1527.0678400000002,50172.0521,5017.20521,2188052,218805.2,0.4023664,0.195856,0.649909,2.259319,0.2259319,0.544197,3.6710874564346634,5
2025-10-18,0.0320601,0.0065225335644977,0.021713,0.039868,9.651295840740204,0.3494645853931865,8.782371878623962,10.058283805847168,272329,27232.9,2706117,270611.7,36453.497,3645.3497,12344.6791,1234.4679099999998,48798.1761,4879.81761,2978446,297844.6,0.4039816,0.174286,0.627782,1.652118,0.1652118,0.53388,5.404002750292946,5
2025-10-19,0.0319755,0.0035922603299006,0.027132,0.037134,9.558163583278656,0.3951279243146162,8.987262845039368,10.244548320770264,272991,27299.1,1009044,100904.4,45155.593,4515.5593,9866.23,986.623,55021.823,5502.1823,1282035,128203.5,0.3727776,0.173872,0.647784,2.16157,0.216157,0.5275,6.980027766409018,5
